model,game_id,season,week,market,pick_team,pick_home,side,confidence,conf_tier,safe_bet,odds,stake,profit,result,edge
enhanced_gbm,2021_01_DAL_TB,2021,1,ats,TB,True,,99.28982532377591,Elite,True,110.0,1.0,-1.0,loss,
enhanced_gbm,2021_01_DAL_TB,2021,1,moneyline,TB,True,,99.28982532377591,Elite,True,-425.0,1.0,0.23529411764705882,win,0.18337444371394962
enhanced_gbm,2021_01_ARI_TEN,2021,1,ats,TEN,True,,73.93059911690844,Moderate,False,-116.0,1.0,-1.0,loss,
enhanced_gbm,2021_01_ARI_TEN,2021,1,moneyline,TEN,True,,73.93059911690844,Moderate,False,-146.0,1.0,-1.0,loss,0.14581005620973475
enhanced_gbm,2021_01_ARI_TEN,2021,1,total,TEN,True,under,73.93059911690844,Moderate,False,-110.0,1.0,0.9090909090909091,win,
enhanced_gbm,2021_01_JAX_HOU,2021,1,ats,HOU,True,,79.61660994319455,Moderate,False,-113.0,1.0,0.8849557522123894,win,
enhanced_gbm,2021_01_JAX_HOU,2021,1,moneyline,HOU,True,,79.61660994319455,Moderate,False,154.0,1.0,1.54,win,0.40246531203037067
enhanced_gbm,2021_01_JAX_HOU,2021,1,total,HOU,True,over,79.61660994319455,Moderate,False,-110.0,1.0,0.9090909090909091,win,
enhanced_gbm,2021_01_MIN_CIN,2021,1,ats,CIN,True,,89.95841528096243,Strong,False,-120.0,1.0,0.8333333333333334,win,
enhanced_gbm,2021_01_MIN_CIN,2021,1,moneyline,CIN,True,,89.95841528096243,Strong,False,122.0,1.0,1.22,win,0.4491337023591739
enhanced_gbm,2021_01_MIN_CIN,2021,1,total,CIN,True,over,89.95841528096243,Strong,False,-110.0,1.0,0.9090909090909091,win,
enhanced_gbm,2021_01_NYJ_CAR,2021,1,ats,NYJ,False,,89.69386431934969,Strong,False,-108.0,1.0,-1.0,loss,
enhanced_gbm,2021_01_NYJ_CAR,2021,1,moneyline,NYJ,False,,89.69386431934969,Strong,False,164.0,1.0,-1.0,loss,0.518150764405618
enhanced_gbm,2021_01_NYJ_CAR,2021,1,total,NYJ,False,over,89.69386431934969,Strong,False,-110.0,1.0,-1.0,loss,
enhanced_gbm,2021_01_PHI_ATL,2021,1,ats,ATL,True,,92.65088994997068,Elite,True,-101.0,1.0,-1.0,loss,
enhanced_gbm,2021_01_PHI_ATL,2021,1,moneyline,ATL,True,,92.65088994997068,Elite,True,-180.0,1.0,-1.0,loss,0.2836517566425638
enhanced_gbm,2021_01_PHI_ATL,2021,1,total,ATL,True,under,92.65088994997068,Elite,True,-110.0,1.0,0.9090909090909091,win,
enhanced_gbm,2021_01_PIT_BUF,2021,1,ats,BUF,True,,97.49538255812323,Elite,True,-100.0,1.0,-1.0,loss,
enhanced_gbm,2021_01_PIT_BUF,2021,1,moneyline,BUF,True,,97.49538255812323,Elite,True,-267.0,1.0,-1.0,loss,0.2474333896139298
enhanced_gbm,2021_01_PIT_BUF,2021,1,total,BUF,True,over,97.49538255812323,Elite,True,-110.0,1.0,-1.0,loss,
enhanced_gbm,2021_01_SF_DET,2021,1,ats,SF,False,,91.93377996640407,Elite,True,-105.0,1.0,-1.0,loss,
enhanced_gbm,2021_01_SF_DET,2021,1,moneyline,SF,False,,91.93377996640407,Elite,True,-415.0,1.0,0.24096385542168675,win,0.11351255694559415
enhanced_gbm,2021_01_SF_DET,2021,1,total,SF,False,over,91.93377996640407,Elite,True,-110.0,1.0,0.9090909090909091,win,
enhanced_gbm,2021_01_CLE_KC,2021,1,ats,KC,True,,95.64716163982061,Elite,False,-110.0,1.0,-1.0,loss,
enhanced_gbm,2021_01_CLE_KC,2021,1,moneyline,KC,True,,95.64716163982061,Elite,False,-241.0,1.0,0.4149377593360996,win,0.24972674836301545
enhanced_gbm,2021_01_CLE_KC,2021,1,total,KC,True,under,95.64716163982061,Elite,False,-110.0,1.0,-1.0,loss,
enhanced_gbm,2021_01_GB_NO,2021,1,ats,GB,False,,78.25308945809076,Moderate,False,103.0,1.0,-1.0,loss,
enhanced_gbm,2021_01_GB_NO,2021,1,moneyline,GB,False,,78.25308945809076,Moderate,False,-181.0,1.0,-1.0,loss,0.13840278070190393
enhanced_gbm,2021_01_GB_NO,2021,1,total,GB,False,over,78.25308945809076,Moderate,False,-110.0,1.0,-1.0,loss,
enhanced_gbm,2021_01_MIA_NE,2021,1,ats,NE,True,,70.93000345013367,Moderate,False,102.0,1.0,-1.0,loss,
enhanced_gbm,2021_01_MIA_NE,2021,1,moneyline,NE,True,,70.93000345013367,Moderate,False,-173.0,1.0,-1.0,loss,0.07560040080170305
enhanced_gbm,2021_01_MIA_NE,2021,1,total,NE,True,under,70.93000345013367,Moderate,False,-110.0,1.0,0.9090909090909091,win,
enhanced_gbm,2021_01_CHI_LA,2021,1,ats,LA,True,,94.05726655996789,Elite,True,-102.0,1.0,0.9803921568627451,win,
enhanced_gbm,2021_01_CHI_LA,2021,1,moneyline,LA,True,,94.05726655996789,Elite,True,-387.0,1.0,0.25839793281653745,win,0.14591147463458654
enhanced_gbm,2021_01_BAL_LV,2021,1,ats,BAL,False,,98.2384735594064,Elite,True,-116.0,1.0,-1.0,loss,
enhanced_gbm,2021_01_BAL_LV,2021,1,moneyline,BAL,False,,98.2384735594064,Elite,True,-167.0,1.0,-1.0,loss,0.35691657080005657
enhanced_gbm,2021_01_BAL_LV,2021,1,total,BAL,False,over,98.2384735594064,Elite,True,-110.0,1.0,0.9090909090909091,win,
enhanced_gbm,2021_02_NYG_WAS,2021,2,ats,NYG,False,,75.75164834486654,Moderate,False,-103.0,1.0,0.970873786407767,win,
enhanced_gbm,2021_02_NYG_WAS,2021,2,moneyline,NYG,False,,75.75164834486654,Moderate,False,176.0,1.0,-1.0,loss,0.39519764286895526
enhanced_gbm,2021_02_NYG_WAS,2021,2,total,NYG,False,under,75.75164834486654,Moderate,False,-110.0,1.0,-1.0,loss,
enhanced_gbm,2021_02_BUF_MIA,2021,2,ats,MIA,True,,88.09287217670881,Strong,False,-113.0,1.0,-1.0,loss,
enhanced_gbm,2021_02_BUF_MIA,2021,2,moneyline,MIA,True,,88.09287217670881,Strong,False,160.0,1.0,-1.0,loss,0.4963133371517035
enhanced_gbm,2021_02_BUF_MIA,2021,2,total,MIA,True,under,88.09287217670881,Strong,False,-110.0,1.0,0.9090909090909091,win,
enhanced_gbm,2021_02_CIN_CHI,2021,2,ats,CHI,True,,96.2398931778747,Elite,True,-105.0,1.0,0.9523809523809523,win,
enhanced_gbm,2021_02_CIN_CHI,2021,2,moneyline,CHI,True,,96.2398931778747,Elite,True,-126.0,1.0,0.7936507936507936,win,0.40487680788494174
enhanced_gbm,2021_02_CIN_CHI,2021,2,total,CHI,True,over,96.2398931778747,Elite,True,-110.0,1.0,-1.0,loss,
enhanced_gbm,2021_02_DEN_JAX,2021,2,ats,DEN,False,,93.85767804338671,Elite,True,104.0,1.0,1.04,win,
enhanced_gbm,2021_02_DEN_JAX,2021,2,moneyline,DEN,False,,93.85767804338671,Elite,True,-241.0,1.0,0.4149377593360996,win,0.2318319123986765
enhanced_gbm,2021_02_DEN_JAX,2021,2,total,DEN,False,over,93.85767804338671,Elite,True,-110.0,1.0,-1.0,loss,
enhanced_gbm,2021_02_HOU_CLE,2021,2,ats,CLE,True,,97.4220193502888,Elite,True,-107.0,1.0,-1.0,loss,
enhanced_gbm,2021_02_HOU_CLE,2021,2,moneyline,CLE,True,,97.4220193502888,Elite,True,-675.0,1.0,0.14814814814814814,win,0.10325245156740415
enhanced_gbm,2021_02_HOU_CLE,2021,2,total,CLE,True,over,97.4220193502888,Elite,True,-110.0,1.0,0.9090909090909091,win,
enhanced_gbm,2021_02_LA_IND,2021,2,ats,LA,False,,97.0353746515299,Elite,False,-110.0,1.0,-1.0,loss,
enhanced_gbm,2021_02_LA_IND,2021,2,moneyline,LA,False,,97.0353746515299,Elite,False,-205.0,1.0,0.4878048780487805,win,0.29822259897431547
enhanced_gbm,2021_02_LV_PIT,2021,2,ats,PIT,True,,80.87283218832192,Strong,True,-102.0,1.0,-1.0,loss,
enhanced_gbm,2021_02_LV_PIT,2021,2,moneyline,PIT,True,,80.87283218832192,Strong,True,-228.0,1.0,-1.0,loss,0.11360637066370705
enhanced_gbm,2021_02_LV_PIT,2021,2,total,PIT,True,over,80.87283218832192,Strong,True,-110.0,1.0,-1.0,loss,
enhanced_gbm,2021_02_NO_CAR,2021,2,ats,CAR,True,,94.89029744806491,Elite,False,-113.0,1.0,0.8849557522123894,win,
enhanced_gbm,2021_02_NO_CAR,2021,2,moneyline,CAR,True,,94.89029744806491,Elite,False,131.0,1.0,1.31,win,0.5160025415802162
enhanced_gbm,2021_02_NO_CAR,2021,2,total,CAR,True,over,94.89029744806491,Elite,False,-110.0,1.0,-1.0,loss,
enhanced_gbm,2021_02_SF_PHI,2021,2,ats,SF,False,,88.01174326498861,Strong,False,104.0,1.0,1.04,win,
enhanced_gbm,2021_02_SF_PHI,2021,2,moneyline,SF,False,,88.01174326498861,Strong,False,-144.0,1.0,0.6944444444444444,win,0.28995349822365657
enhanced_gbm,2021_02_SF_PHI,2021,2,total,SF,False,under,88.01174326498861,Strong,False,-110.0,1.0,0.9090909090909091,win,
enhanced_gbm,2021_02_ATL_TB,2021,2,ats,TB,True,,98.48302460156792,Elite,True,-102.0,1.0,0.9803921568627451,win,
enhanced_gbm,2021_02_ATL_TB,2021,2,moneyline,TB,True,,98.48302460156792,Elite,True,-772.0,1.0,0.12953367875647667,win,0.09950914509824804
enhanced_gbm,2021_02_ATL_TB,2021,2,total,TB,True,under,98.48302460156792,Elite,True,-110.0,1.0,-1.0,loss,
enhanced_gbm,2021_02_TEN_SEA,2021,2,ats,SEA,True,,92.49359214468902,Elite,True,-110.0,1.0,-1.0,loss,
enhanced_gbm,2021_02_TEN_SEA,2021,2,moneyline,SEA,True,,92.49359214468902,Elite,True,-286.0,1.0,-1.0,loss,0.18400327895984359
enhanced_gbm,2021_02_TEN_SEA,2021,2,total,SEA,True,under,92.49359214468902,Elite,True,-110.0,1.0,-1.0,loss,
enhanced_gbm,2021_02_KC_BAL,2021,2,ats,KC,False,,84.46987572755349,Strong,False,107.0,1.0,-1.0,loss,
enhanced_gbm,2021_02_KC_BAL,2021,2,moneyline,KC,False,,84.46987572755349,Strong,False,-171.0,1.0,-1.0,loss,0.21370244731243526
enhanced_gbm,2021_02_KC_BAL,2021,2,total,KC,False,under,84.46987572755349,Strong,False,-110.0,1.0,-1.0,loss,
enhanced_gbm,2021_02_DET_GB,2021,2,ats,GB,True,,88.97085493580383,Strong,True,102.0,1.0,1.02,win,
enhanced_gbm,2021_02_DET_GB,2021,2,moneyline,GB,True,,88.97085493580383,Strong,True,-494.0,1.0,0.20242914979757085,win,0.058058717708206586
enhanced_gbm,2021_02_DET_GB,2021,2,total,GB,True,over,88.97085493580383,Strong,True,-110.0,1.0,0.9090909090909091,win,
enhanced_gbm,2021_03_CAR_HOU,2021,3,ats,CAR,False,,98.21049020837388,Elite,True,-115.0,1.0,0.8695652173913043,win,
enhanced_gbm,2021_03_CAR_HOU,2021,3,moneyline,CAR,False,,98.21049020837388,Elite,True,-420.0,1.0,0.23809523809523808,win,0.17441259439143109
enhanced_gbm,2021_03_CAR_HOU,2021,3,total,CAR,False,over,98.21049020837388,Elite,True,-110.0,1.0,-1.0,loss,
enhanced_gbm,2021_03_ARI_JAX,2021,3,ats,ARI,False,,89.14526165750851,Strong,True,-101.0,1.0,0.9900990099009901,win,
enhanced_gbm,2021_03_ARI_JAX,2021,3,moneyline,ARI,False,,89.14526165750851,Strong,True,-360.0,1.0,0.2777777777777778,win,0.10884392092291117
enhanced_gbm,2021_03_ARI_JAX,2021,3,total,ARI,False,under,89.14526165750851,Strong,True,-110.0,1.0,0.9090909090909091,win,
enhanced_gbm,2021_03_BAL_DET,2021,3,ats,BAL,False,,96.45894911366022,Elite,False,-100.0,1.0,-1.0,loss,
enhanced_gbm,2021_03_BAL_DET,2021,3,moneyline,BAL,False,,96.45894911366022,Elite,False,-344.0,1.0,0.29069767441860467,win,0.18981471636182745
enhanced_gbm,2021_03_BAL_DET,2021,3,total,BAL,False,over,96.45894911366022,Elite,False,-110.0,1.0,-1.0,loss,
enhanced_gbm,2021_03_CHI_CLE,2021,3,ats,CLE,True,,85.5785913771243,Strong,True,-108.0,1.0,0.9259259259259259,win,
enhanced_gbm,2021_03_CHI_CLE,2021,3,moneyline,CLE,True,,85.5785913771243,Strong,True,-375.0,1.0,0.26666666666666666,win,0.06631222956071658
enhanced_gbm,2021_03_CHI_CLE,2021,3,total,CLE,True,over,85.5785913771243,Strong,True,-110.0,1.0,-1.0,loss,
enhanced_gbm,2021_03_CIN_PIT,2021,3,ats,PIT,True,,95.66967766478969,Elite,True,-114.0,1.0,-1.0,loss,
enhanced_gbm,2021_03_CIN_PIT,2021,3,moneyline,PIT,True,,95.66967766478969,Elite,True,-140.0,1.0,-1.0,loss,0.3733634433145635
enhanced_gbm,2021_03_CIN_PIT,2021,3,total,PIT,True,over,95.66967766478969,Elite,True,-110.0,1.0,-1.0,loss,
enhanced_gbm,2021_03_IND_TEN,2021,3,ats,TEN,True,,74.75631659400102,Moderate,False,103.0,1.0,1.03,win,
enhanced_gbm,2021_03_IND_TEN,2021,3,moneyline,TEN,True,,74.75631659400102,Moderate,False,-196.0,1.0,0.5102040816326531,win,0.08540100377784798
enhanced_gbm,2021_03_IND_TEN,2021,3,total,TEN,True,over,74.75631659400102,Moderate,False,-110.0,1.0,-1.0,loss,
enhanced_gbm,2021_03_NO_NE,2021,3,ats,NE,True,,71.92329240140279,Moderate,False,106.0,1.0,-1.0,loss,
enhanced_gbm,2021_03_NO_NE,2021,3,moneyline,NE,True,,71.92329240140279,Moderate,False,-144.0,1.0,-1.0,loss,0.12906898958779833
enhanced_gbm,2021_03_NO_NE,2021,3,total,NE,True,under,71.92329240140279,Moderate,False,-110.0,1.0,0.9090909090909091,win,
enhanced_gbm,2021_03_WAS_BUF,2021,3,ats,BUF,True,,74.61154968470251,Moderate,True,103.0,1.0,1.03,win,
enhanced_gbm,2021_03_MIA_LV,2021,3,ats,MIA,False,,70.57489292955825,Moderate,False,-107.0,1.0,0.9345794392523364,win,
enhanced_gbm,2021_03_MIA_LV,2021,3,moneyline,MIA,False,,70.57489292955825,Moderate,False,173.0,1.0,-1.0,loss,0.33944856299521625
enhanced_gbm,2021_03_MIA_LV,2021,3,total,MIA,False,over,70.57489292955825,Moderate,False,-110.0,1.0,0.9090909090909091,win,
enhanced_gbm,2021_03_NYJ_DEN,2021,3,ats,DEN,True,,97.65349063522207,Elite,False,-101.0,1.0,0.9900990099009901,win,
enhanced_gbm,2021_03_NYJ_DEN,2021,3,moneyline,DEN,True,,97.65349063522207,Elite,False,-597.0,1.0,0.16750418760469013,win,0.12000692930774437
enhanced_gbm,2021_03_SEA_MIN,2021,3,ats,MIN,True,,70.36429813786586,Moderate,False,-109.0,1.0,0.9174311926605505,win,
enhanced_gbm,2021_03_SEA_MIN,2021,3,moneyline,MIN,True,,70.36429813786586,Moderate,False,109.0,1.0,1.09,win,0.22517408185712745
enhanced_gbm,2021_03_SEA_MIN,2021,3,total,MIN,True,under,70.36429813786586,Moderate,False,-110.0,1.0,0.9090909090909091,win,
enhanced_gbm,2021_03_TB_LA,2021,3,ats,TB,False,,81.65491689222397,Strong,True,100.0,1.0,-1.0,loss,
enhanced_gbm,2021_03_TB_LA,2021,3,moneyline,TB,False,,81.65491689222397,Strong,True,-106.0,1.0,-1.0,loss,0.3019860621261231
enhanced_gbm,2021_03_TB_LA,2021,3,total,TB,False,under,81.65491689222397,Strong,True,-110.0,1.0,-1.0,loss,
enhanced_gbm,2021_03_GB_SF,2021,3,ats,SF,True,,88.56194841570291,Strong,False,103.0,1.0,-1.0,loss,
enhanced_gbm,2021_03_GB_SF,2021,3,moneyline,SF,True,,88.56194841570291,Strong,False,-179.0,1.0,-1.0,loss,0.2440424232251296
enhanced_gbm,2021_03_PHI_DAL,2021,3,ats,PHI,False,,83.58697547100795,Strong,False,-103.0,1.0,-1.0,loss,
enhanced_gbm,2021_03_PHI_DAL,2021,3,moneyline,PHI,False,,83.58697547100795,Strong,False,168.0,1.0,-1.0,loss,0.46273542635187054
enhanced_gbm,2021_03_PHI_DAL,2021,3,total,PHI,False,under,83.58697547100795,Strong,False,-110.0,1.0,-1.0,loss,
enhanced_gbm,2021_04_JAX_CIN,2021,4,ats,CIN,True,,79.68750806084624,Moderate,True,-116.0,1.0,-1.0,loss,
enhanced_gbm,2021_04_JAX_CIN,2021,4,moneyline,CIN,True,,79.68750806084624,Moderate,True,-373.0,1.0,0.2680965147453083,win,0.00829157109472034
enhanced_gbm,2021_04_JAX_CIN,2021,4,total,CIN,True,under,79.68750806084624,Moderate,True,-110.0,1.0,0.9090909090909091,win,
enhanced_gbm,2021_04_CAR_DAL,2021,4,ats,CAR,False,,80.74833527292398,Strong,False,-106.0,1.0,-1.0,loss,
enhanced_gbm,2021_04_CAR_DAL,2021,4,moneyline,CAR,False,,80.74833527292398,Strong,False,186.0,1.0,-1.0,loss,0.45783300307889013
enhanced_gbm,2021_04_CAR_DAL,2021,4,total,CAR,False,under,80.74833527292398,Strong,False,-110.0,1.0,-1.0,loss,
enhanced_gbm,2021_04_CLE_MIN,2021,4,ats,CLE,False,,85.11092861565923,Strong,True,102.0,1.0,1.02,win,
enhanced_gbm,2021_04_CLE_MIN,2021,4,moneyline,CLE,False,,85.11092861565923,Strong,True,-105.0,1.0,0.9523809523809523,win,0.3389141642053728
enhanced_gbm,2021_04_DET_CHI,2021,4,ats,DET,False,,96.17589305485143,Elite,False,-109.0,1.0,-1.0,loss,
enhanced_gbm,2021_04_DET_CHI,2021,4,moneyline,DET,False,,96.17589305485143,Elite,False,134.0,1.0,-1.0,loss,0.534408503198087
enhanced_gbm,2021_04_DET_CHI,2021,4,total,DET,False,over,96.17589305485143,Elite,False,-110.0,1.0,-1.0,loss,
enhanced_gbm,2021_04_HOU_BUF,2021,4,ats,BUF,True,,99.39677264434891,Elite,True,-102.0,1.0,0.9803921568627451,win,
enhanced_gbm,2021_04_HOU_BUF,2021,4,moneyline,BUF,True,,99.39677264434891,Elite,True,-1500.0,1.0,0.06666666666666667,win,0.056467726443489075
enhanced_gbm,2021_04_IND_MIA,2021,4,ats,IND,False,,95.40323384604065,Elite,False,102.0,1.0,1.02,win,
enhanced_gbm,2021_04_IND_MIA,2021,4,moneyline,IND,False,,95.40323384604065,Elite,False,130.0,1.0,1.3,win,0.5192497297647543
enhanced_gbm,2021_04_IND_MIA,2021,4,total,IND,False,over,95.40323384604065,Elite,False,-110.0,1.0,0.9090909090909091,win,
enhanced_gbm,2021_04_KC_PHI,2021,4,ats,KC,False,,90.96540393085012,Elite,False,101.0,1.0,1.01,win,
enhanced_gbm,2021_04_KC_PHI,2021,4,moneyline,KC,False,,90.96540393085012,Elite,False,-349.0,1.0,0.28653295128939826,win,0.1323711885289912
enhanced_gbm,2021_04_KC_PHI,2021,4,total,KC,False,under,90.96540393085012,Elite,False,-110.0,1.0,-1.0,loss,
enhanced_gbm,2021_04_NYG_NO,2021,4,ats,NO,True,,96.02261130440579,Elite,True,107.0,1.0,-1.0,loss,
enhanced_gbm,2021_04_NYG_NO,2021,4,moneyline,NO,True,,96.02261130440579,Elite,True,-337.0,1.0,-1.0,loss,0.18905906498913794
enhanced_gbm,2021_04_NYG_NO,2021,4,total,NO,True,under,96.02261130440579,Elite,True,-110.0,1.0,-1.0,loss,
enhanced_gbm,2021_04_TEN_NYJ,2021,4,ats,TEN,False,,87.11753204034174,Strong,True,-104.0,1.0,-1.0,loss,
enhanced_gbm,2021_04_TEN_NYJ,2021,4,moneyline,TEN,False,,87.11753204034174,Strong,True,-234.0,1.0,-1.0,loss,0.17057651800820783
enhanced_gbm,2021_04_TEN_NYJ,2021,4,total,TEN,False,under,87.11753204034174,Strong,True,-110.0,1.0,-1.0,loss,
enhanced_gbm,2021_04_ARI_LA,2021,4,ats,LA,True,,81.26114245484571,Strong,False,-111.0,1.0,-1.0,loss,
enhanced_gbm,2021_04_ARI_LA,2021,4,moneyline,LA,True,,81.26114245484571,Strong,False,-200.0,1.0,-1.0,loss,0.1459447578817905
enhanced_gbm,2021_04_SEA_SF,2021,4,ats,SF,True,,90.86781567497754,Elite,True,-107.0,1.0,-1.0,loss,
enhanced_gbm,2021_04_SEA_SF,2021,4,moneyline,SF,True,,90.86781567497754,Elite,True,-133.0,1.0,-1.0,loss,0.33786270610599856
enhanced_gbm,2021_04_BAL_DEN,2021,4,ats,DEN,True,,91.17656742317952,Elite,True,-111.0,1.0,-1.0,loss,
enhanced_gbm,2021_04_BAL_DEN,2021,4,moneyline,DEN,True,,91.17656742317952,Elite,True,-118.0,1.0,-1.0,loss,0.3704812705620705
enhanced_gbm,2021_04_PIT_GB,2021,4,ats,GB,True,,74.70016999440602,Moderate,False,-106.0,1.0,0.9433962264150944,win,
enhanced_gbm,2021_04_PIT_GB,2021,4,moneyline,GB,True,,74.70016999440602,Moderate,False,-276.0,1.0,0.36231884057971014,win,0.012959146752570927
enhanced_gbm,2021_04_TB_NE,2021,4,ats,TB,False,,72.74020610468253,Moderate,True,-105.0,1.0,-1.0,loss,
enhanced_gbm,2021_04_TB_NE,2021,4,moneyline,TB,False,,72.74020610468253,Moderate,True,-255.0,1.0,0.39215686274509803,win,0.009092201891895635
enhanced_gbm,2021_05_LA_SEA,2021,5,ats,LA,False,,92.38693048598564,Elite,True,-116.0,1.0,0.8620689655172413,win,
enhanced_gbm,2021_05_LA_SEA,2021,5,moneyline,LA,False,,92.38693048598564,Elite,True,-135.0,1.0,0.7407407407407407,win,0.3494012197534734
enhanced_gbm,2021_05_LA_SEA,2021,5,total,LA,False,under,92.38693048598564,Elite,True,-110.0,1.0,0.9090909090909091,win,
enhanced_gbm,2021_05_NYJ_ATL,2021,5,ats,ATL,True,,90.84648153174545,Elite,False,-103.0,1.0,0.970873786407767,win,
enhanced_gbm,2021_05_NYJ_ATL,2021,5,moneyline,ATL,True,,90.84648153174545,Elite,False,-153.0,1.0,0.6535947712418301,win,0.30372173231350197
enhanced_gbm,2021_05_NYJ_ATL,2021,5,total,ATL,True,under,90.84648153174545,Elite,False,-110.0,1.0,-1.0,loss,
enhanced_gbm,2021_05_DEN_PIT,2021,5,ats,DEN,False,,80.95961599298668,Strong,False,-106.0,1.0,-1.0,loss,
enhanced_gbm,2021_05_DEN_PIT,2021,5,moneyline,DEN,False,,80.95961599298668,Strong,False,-124.0,1.0,-1.0,loss,0.2560247313584382
enhanced_gbm,2021_05_DEN_PIT,2021,5,total,DEN,False,under,80.95961599298668,Strong,False,-110.0,1.0,-1.0,loss,
enhanced_gbm,2021_05_DET_MIN,2021,5,ats,MIN,True,,93.15033136807546,Elite,True,-100.0,1.0,-1.0,loss,
enhanced_gbm,2021_05_DET_MIN,2021,5,moneyline,MIN,True,,93.15033136807546,Elite,True,-418.0,1.0,0.23923444976076555,win,0.12455350673094756
enhanced_gbm,2021_05_DET_MIN,2021,5,total,MIN,True,under,93.15033136807546,Elite,True,-110.0,1.0,0.9090909090909091,win,
enhanced_gbm,2021_05_GB_CIN,2021,5,ats,GB,False,,90.91905392225569,Elite,False,-104.0,1.0,0.9615384615384616,win,
enhanced_gbm,2021_05_GB_CIN,2021,5,moneyline,GB,False,,90.91905392225569,Elite,False,-123.0,1.0,0.8130081300813008,win,0.35762103249609944
enhanced_gbm,2021_05_GB_CIN,2021,5,total,GB,False,under,90.91905392225569,Elite,False,-110.0,1.0,0.9090909090909091,win,
enhanced_gbm,2021_05_MIA_TB,2021,5,ats,TB,True,,97.6793262703889,Elite,True,-110.0,1.0,0.9090909090909091,win,
enhanced_gbm,2021_05_MIA_TB,2021,5,moneyline,TB,True,,97.6793262703889,Elite,True,-564.0,1.0,0.1773049645390071,win,0.1273956723424432
enhanced_gbm,2021_05_MIA_TB,2021,5,total,TB,True,over,97.6793262703889,Elite,True,-110.0,1.0,0.9090909090909091,win,
enhanced_gbm,2021_05_NE_HOU,2021,5,ats,NE,False,,85.56915836420863,Strong,True,102.0,1.0,-1.0,loss,
enhanced_gbm,2021_05_NE_HOU,2021,5,moneyline,NE,False,,85.56915836420863,Strong,True,-339.0,1.0,0.2949852507374631,win,0.08348201644390862
enhanced_gbm,2021_05_NE_HOU,2021,5,total,NE,False,over,85.56915836420863,Strong,True,-110.0,1.0,0.9090909090909091,win,
enhanced_gbm,2021_05_PHI_CAR,2021,5,ats,PHI,False,,70.77573472116526,Moderate,False,104.0,1.0,1.04,win,
enhanced_gbm,2021_05_PHI_CAR,2021,5,moneyline,PHI,False,,70.77573472116526,Moderate,False,126.0,1.0,1.26,win,0.2652794711054579
enhanced_gbm,2021_05_TEN_JAX,2021,5,ats,TEN,False,,85.54130696940237,Strong,False,-100.0,1.0,1.0,win,
enhanced_gbm,2021_05_TEN_JAX,2021,5,moneyline,TEN,False,,85.54130696940237,Strong,False,-191.0,1.0,0.5235602094240838,win,0.19905568137787244
enhanced_gbm,2021_05_CHI_LV,2021,5,ats,LV,True,,89.34183726367372,Strong,True,-108.0,1.0,-1.0,loss,
enhanced_gbm,2021_05_CHI_LV,2021,5,moneyline,LV,True,,89.34183726367372,Strong,True,-245.0,1.0,-1.0,loss,0.18327344510050536
enhanced_gbm,2021_05_CHI_LV,2021,5,total,LV,True,under,89.34183726367372,Strong,True,-110.0,1.0,0.9090909090909091,win,
enhanced_gbm,2021_05_NYG_DAL,2021,5,ats,DAL,True,,86.32168862886884,Strong,True,102.0,1.0,1.02,win,
enhanced_gbm,2021_05_NYG_DAL,2021,5,moneyline,DAL,True,,86.32168862886884,Strong,True,-335.0,1.0,0.29850746268656714,win,0.09310194375995284
enhanced_gbm,2021_05_NYG_DAL,2021,5,total,DAL,True,under,86.32168862886884,Strong,True,-110.0,1.0,-1.0,loss,
enhanced_gbm,2021_05_SF_ARI,2021,5,ats,ARI,True,,77.29606539216519,Moderate,True,-100.0,1.0,1.0,win,
enhanced_gbm,2021_05_SF_ARI,2021,5,moneyline,ARI,True,,77.29606539216519,Moderate,True,-266.0,1.0,0.37593984962406013,win,0.046184697637498884
enhanced_gbm,2021_05_SF_ARI,2021,5,total,ARI,True,over,77.29606539216519,Moderate,True,-110.0,1.0,-1.0,loss,
enhanced_gbm,2021_05_BUF_KC,2021,5,ats,BUF,False,,74.74648061069618,Moderate,False,-101.0,1.0,0.9900990099009901,win,
enhanced_gbm,2021_05_BUF_KC,2021,5,moneyline,BUF,False,,74.74648061069618,Moderate,False,121.0,1.0,1.21,win,0.2949761183241563
enhanced_gbm,2021_05_BUF_KC,2021,5,total,BUF,False,under,74.74648061069618,Moderate,False,-110.0,1.0,-1.0,loss,
enhanced_gbm,2021_05_IND_BAL,2021,5,ats,BAL,True,,82.63426511122391,Strong,True,-105.0,1.0,-1.0,loss,
enhanced_gbm,2021_05_IND_BAL,2021,5,moneyline,BAL,True,,82.63426511122391,Strong,True,-356.0,1.0,0.2808988764044944,win,0.04564089672627425
enhanced_gbm,2021_06_TB_PHI,2021,6,ats,TB,False,,98.80585018875125,Elite,True,103.0,1.0,-1.0,loss,
enhanced_gbm,2021_06_TB_PHI,2021,6,moneyline,TB,False,,98.80585018875125,Elite,True,-274.0,1.0,0.36496350364963503,win,0.2554381810318975
enhanced_gbm,2021_06_MIA_JAX,2021,6,ats,JAX,True,,96.60625035463617,Elite,False,-115.0,1.0,0.8695652173913043,win,
enhanced_gbm,2021_06_MIA_JAX,2021,6,moneyline,JAX,True,,96.60625035463617,Elite,False,110.0,1.0,1.1,win,0.48987202735588564
enhanced_gbm,2021_06_GB_CHI,2021,6,ats,GB,False,,97.51613270013615,Elite,False,-106.0,1.0,0.9433962264150944,win,
enhanced_gbm,2021_06_GB_CHI,2021,6,moneyline,GB,False,,97.51613270013615,Elite,False,-228.0,1.0,0.43859649122807015,win,0.28003937578184934
enhanced_gbm,2021_06_GB_CHI,2021,6,total,GB,False,under,97.51613270013615,Elite,False,-110.0,1.0,0.9090909090909091,win,
enhanced_gbm,2021_06_HOU_IND,2021,6,ats,IND,True,,99.42376495043573,Elite,True,106.0,1.0,1.06,win,
enhanced_gbm,2021_06_HOU_IND,2021,6,moneyline,IND,True,,99.42376495043573,Elite,True,-442.0,1.0,0.22624434389140272,win,0.17873949452280746
enhanced_gbm,2021_06_HOU_IND,2021,6,total,IND,True,over,99.42376495043573,Elite,True,-110.0,1.0,-1.0,loss,
enhanced_gbm,2021_06_KC_WAS,2021,6,ats,KC,False,,98.79316672698295,Elite,False,-105.0,1.0,0.9523809523809523,win,
enhanced_gbm,2021_06_KC_WAS,2021,6,moneyline,KC,False,,98.79316672698295,Elite,False,-255.0,1.0,0.39215686274509803,win,0.2696218081148999
enhanced_gbm,2021_06_KC_WAS,2021,6,total,KC,False,over,98.79316672698295,Elite,False,-110.0,1.0,-1.0,loss,
enhanced_gbm,2021_06_LAC_BAL,2021,6,ats,BAL,True,,97.37248357704658,Elite,False,-116.0,1.0,0.8620689655172413,win,
enhanced_gbm,2021_06_LAC_BAL,2021,6,moneyline,BAL,True,,97.37248357704658,Elite,False,-166.0,1.0,0.6024096385542169,win,0.349664685394526
enhanced_gbm,2021_06_LA_NYG,2021,6,ats,LA,False,,95.36332642633934,Elite,True,107.0,1.0,1.07,win,
enhanced_gbm,2021_06_LA_NYG,2021,6,moneyline,LA,False,,95.36332642633934,Elite,True,-328.0,1.0,0.3048780487804878,win,0.1872781240764776
enhanced_gbm,2021_06_ARI_CLE,2021,6,ats,CLE,True,,96.59651736657715,Elite,False,106.0,1.0,-1.0,loss,
enhanced_gbm,2021_06_ARI_CLE,2021,6,moneyline,CLE,True,,96.59651736657715,Elite,False,-143.0,1.0,-1.0,loss,0.3774878074106275
enhanced_gbm,2021_06_ARI_CLE,2021,6,total,CLE,True,over,96.59651736657715,Elite,False,-110.0,1.0,0.9090909090909091,win,
enhanced_gbm,2021_06_DAL_NE,2021,6,ats,NE,True,,92.85425766133943,Elite,False,-102.0,1.0,-1.0,loss,
enhanced_gbm,2021_06_DAL_NE,2021,6,moneyline,NE,True,,92.85425766133943,Elite,False,169.0,1.0,-1.0,loss,0.5567953647174836
enhanced_gbm,2021_06_DAL_NE,2021,6,total,NE,True,under,92.85425766133943,Elite,False,-110.0,1.0,-1.0,loss,
enhanced_gbm,2021_06_SEA_PIT,2021,6,ats,SEA,False,,85.18896087727535,Strong,False,-104.0,1.0,0.9615384615384616,win,
enhanced_gbm,2021_06_SEA_PIT,2021,6,moneyline,SEA,False,,85.18896087727535,Strong,False,189.0,1.0,-1.0,loss,0.5058688475270788
enhanced_gbm,2021_06_SEA_PIT,2021,6,total,SEA,False,over,85.18896087727535,Strong,False,-110.0,1.0,0.0,push,
enhanced_gbm,2021_06_BUF_TEN,2021,6,ats,BUF,False,,90.16954983850509,Elite,True,-102.0,1.0,-1.0,loss,
enhanced_gbm,2021_06_BUF_TEN,2021,6,moneyline,BUF,False,,90.16954983850509,Elite,True,-239.0,1.0,-1.0,loss,0.1966807491225141
enhanced_gbm,2021_06_BUF_TEN,2021,6,total,BUF,False,under,90.16954983850509,Elite,True,-110.0,1.0,-1.0,loss,
enhanced_gbm,2021_07_DEN_CLE,2021,7,ats,DEN,False,,82.28625603697232,Strong,False,-107.0,1.0,-1.0,loss,
enhanced_gbm,2021_07_DEN_CLE,2021,7,moneyline,DEN,False,,82.28625603697232,Strong,False,110.0,1.0,-1.0,loss,0.346672084179247
enhanced_gbm,2021_07_DEN_CLE,2021,7,total,DEN,False,over,82.28625603697232,Strong,False,-110.0,1.0,-1.0,loss,
enhanced_gbm,2021_07_ATL_MIA,2021,7,ats,ATL,False,,83.94457394326265,Strong,False,-113.0,1.0,0.8849557522123894,win,
enhanced_gbm,2021_07_ATL_MIA,2021,7,moneyline,ATL,False,,83.94457394326265,Strong,False,-129.0,1.0,0.7751937984496124,win,0.27612696214005017
enhanced_gbm,2021_07_CAR_NYG,2021,7,ats,NYG,True,,87.04659344459186,Strong,False,-107.0,1.0,0.9345794392523364,win,
enhanced_gbm,2021_07_CAR_NYG,2021,7,moneyline,NYG,True,,87.04659344459186,Strong,False,139.0,1.0,1.39,win,0.4520558926049145
enhanced_gbm,2021_07_CAR_NYG,2021,7,total,NYG,True,over,87.04659344459186,Strong,False,-110.0,1.0,-1.0,loss,
enhanced_gbm,2021_07_NYJ_NE,2021,7,ats,NE,True,,99.17690491504929,Elite,True,-102.0,1.0,0.9803921568627451,win,
enhanced_gbm,2021_07_NYJ_NE,2021,7,moneyline,NE,True,,99.17690491504929,Elite,True,-303.0,1.0,0.33003300330033003,win,0.2399080069668701
enhanced_gbm,2021_07_NYJ_NE,2021,7,total,NE,True,under,99.17690491504929,Elite,True,-110.0,1.0,-1.0,loss,
enhanced_gbm,2021_07_WAS_GB,2021,7,ats,GB,True,,91.67565966719265,Elite,True,-105.0,1.0,0.9523809523809523,win,
enhanced_gbm,2021_07_WAS_GB,2021,7,moneyline,GB,True,,91.67565966719265,Elite,True,-397.0,1.0,0.2518891687657431,win,0.11796384013269101
enhanced_gbm,2021_07_WAS_GB,2021,7,total,GB,True,over,91.67565966719265,Elite,True,-110.0,1.0,-1.0,loss,
enhanced_gbm,2021_07_DET_LA,2021,7,ats,LA,True,,98.76464853591146,Elite,True,105.0,1.0,-1.0,loss,
enhanced_gbm,2021_07_DET_LA,2021,7,moneyline,LA,True,,98.76464853591146,Elite,True,-1256.0,1.0,0.07961783439490445,win,0.06139279804348041
enhanced_gbm,2021_07_DET_LA,2021,7,total,LA,True,under,98.76464853591146,Elite,True,-110.0,1.0,0.9090909090909091,win,
enhanced_gbm,2021_07_PHI_LV,2021,7,ats,PHI,False,,80.9552322677474,Strong,False,-109.0,1.0,-1.0,loss,
enhanced_gbm,2021_07_PHI_LV,2021,7,moneyline,PHI,False,,80.9552322677474,Strong,False,-102.0,1.0,-1.0,loss,0.30460182762796906
enhanced_gbm,2021_07_CHI_TB,2021,7,ats,TB,True,,99.26528636564781,Elite,True,103.0,1.0,1.03,win,
enhanced_gbm,2021_07_CHI_TB,2021,7,moneyline,TB,True,,99.26528636564781,Elite,True,-644.0,1.0,0.15527950310559005,win,0.12706146580701572
enhanced_gbm,2021_07_HOU_ARI,2021,7,ats,ARI,True,,98.93376123540973,Elite,True,100.0,1.0,1.0,win,
enhanced_gbm,2021_07_HOU_ARI,2021,7,moneyline,ARI,True,,98.93376123540973,Elite,True,-1766.0,1.0,0.056625141562853906,win,0.04292818041411872
enhanced_gbm,2021_07_IND_SF,2021,7,ats,IND,False,,84.33514635411514,Strong,False,-117.0,1.0,0.8547008547008547,win,
enhanced_gbm,2021_07_IND_SF,2021,7,moneyline,IND,False,,84.33514635411514,Strong,False,152.0,1.0,1.52,win,0.4465260667157546
enhanced_gbm,2021_07_IND_SF,2021,7,total,IND,False,over,84.33514635411514,Strong,False,-110.0,1.0,0.9090909090909091,win,
enhanced_gbm,2021_07_NO_SEA,2021,7,ats,NO,False,,98.00209807558416,Elite,False,-104.0,1.0,-1.0,loss,
enhanced_gbm,2021_07_NO_SEA,2021,7,moneyline,NO,False,,98.00209807558416,Elite,False,-237.0,1.0,0.4219409282700422,win,0.27675688580035196
enhanced_gbm,2021_07_NO_SEA,2021,7,total,NO,False,over,98.00209807558416,Elite,False,-110.0,1.0,-1.0,loss,
enhanced_gbm,2021_08_GB_ARI,2021,8,ats,ARI,True,,95.87482591131538,Elite,True,-106.0,1.0,-1.0,loss,
enhanced_gbm,2021_08_GB_ARI,2021,8,moneyline,ARI,True,,95.87482591131538,Elite,True,-279.0,1.0,-1.0,loss,0.22260050185721714
enhanced_gbm,2021_08_GB_ARI,2021,8,total,ARI,True,under,95.87482591131538,Elite,True,-110.0,1.0,0.9090909090909091,win,
enhanced_gbm,2021_08_CIN_NYJ,2021,8,ats,CIN,False,,98.80240579170966,Elite,True,-105.0,1.0,-1.0,loss,
enhanced_gbm,2021_08_CIN_NYJ,2021,8,moneyline,CIN,False,,98.80240579170966,Elite,True,-510.0,1.0,-1.0,loss,0.15195848414660473
enhanced_gbm,2021_08_LA_HOU,2021,8,ats,LA,False,,97.63236639143655,Elite,True,107.0,1.0,-1.0,loss,
enhanced_gbm,2021_08_LA_HOU,2021,8,moneyline,LA,False,,97.63236639143655,Elite,True,-1010.0,1.0,0.09900990099009901,win,0.06641375400445548
enhanced_gbm,2021_08_MIA_BUF,2021,8,ats,BUF,True,,97.40205877830601,Elite,True,-102.0,1.0,0.0,push,
enhanced_gbm,2021_08_MIA_BUF,2021,8,moneyline,BUF,True,,97.40205877830601,Elite,True,-983.0,1.0,0.1017293997965412,win,0.06635669119949594
enhanced_gbm,2021_08_JAX_SEA,2021,8,ats,JAX,False,,75.73075301636842,Moderate,False,-105.0,1.0,-1.0,loss,
enhanced_gbm,2021_08_JAX_SEA,2021,8,moneyline,JAX,False,,75.73075301636842,Moderate,False,171.0,1.0,-1.0,loss,0.3883038401267839
enhanced_gbm,2021_08_JAX_SEA,2021,8,total,JAX,False,over,75.73075301636842,Moderate,False,-110.0,1.0,-1.0,loss,
enhanced_gbm,2021_08_TB_NO,2021,8,ats,TB,False,,96.7986093703523,Elite,True,-101.0,1.0,-1.0,loss,
enhanced_gbm,2021_08_TB_NO,2021,8,moneyline,TB,False,,96.7986093703523,Elite,True,-188.0,1.0,-1.0,loss,0.31520831592574516
enhanced_gbm,2021_08_TB_NO,2021,8,total,TB,False,under,96.7986093703523,Elite,True,-110.0,1.0,-1.0,loss,
enhanced_gbm,2021_08_NYG_KC,2021,8,ats,KC,True,,76.61223733424158,Moderate,True,-103.0,1.0,-1.0,loss,
enhanced_gbm,2021_08_NYG_KC,2021,8,total,KC,True,under,76.61223733424158,Moderate,True,-110.0,1.0,0.9090909090909091,win,
enhanced_gbm,2021_09_NYJ_IND,2021,9,ats,IND,True,,95.05787867744027,Elite,True,-102.0,1.0,0.9803921568627451,win,
enhanced_gbm,2021_09_NYJ_IND,2021,9,moneyline,IND,True,,95.05787867744027,Elite,True,-509.0,1.0,0.19646365422396855,win,0.11478239925387723
enhanced_gbm,2021_09_ATL_NO,2021,9,ats,NO,True,,83.26366444000679,Strong,False,106.0,1.0,-1.0,loss,
enhanced_gbm,2021_09_ATL_NO,2021,9,moneyline,NO,True,,83.26366444000679,Strong,False,-277.0,1.0,-1.0,loss,0.09788863378998836
enhanced_gbm,2021_09_ATL_NO,2021,9,total,NO,True,over,83.26366444000679,Strong,False,-110.0,1.0,0.9090909090909091,win,
enhanced_gbm,2021_09_BUF_JAX,2021,9,ats,BUF,False,,92.51553168483376,Elite,True,-120.0,1.0,-1.0,loss,
enhanced_gbm,2021_09_BUF_JAX,2021,9,moneyline,BUF,False,,92.51553168483376,Elite,True,-1101.0,1.0,-1.0,loss,0.008419263559411694
enhanced_gbm,2021_09_CLE_CIN,2021,9,ats,CLE,False,,91.03557881960313,Elite,False,-105.0,1.0,0.9523809523809523,win,
enhanced_gbm,2021_09_CLE_CIN,2021,9,moneyline,CLE,False,,91.03557881960313,Elite,False,117.0,1.0,1.17,win,0.44952629510847375
enhanced_gbm,2021_09_DEN_DAL,2021,9,ats,DAL,True,,95.50764699499335,Elite,True,-103.0,1.0,-1.0,loss,
enhanced_gbm,2021_09_DEN_DAL,2021,9,moneyline,DAL,True,,95.50764699499335,Elite,True,-462.0,1.0,-1.0,loss,0.13301241301043165
enhanced_gbm,2021_09_DEN_DAL,2021,9,total,DAL,True,under,95.50764699499335,Elite,True,-110.0,1.0,0.9090909090909091,win,
enhanced_gbm,2021_09_MIN_BAL,2021,9,ats,BAL,True,,77.96449622396146,Moderate,False,106.0,1.0,-1.0,loss,
enhanced_gbm,2021_09_MIN_BAL,2021,9,moneyline,BAL,True,,77.96449622396146,Moderate,False,-305.0,1.0,0.32786885245901637,win,0.026558542486528225
enhanced_gbm,2021_09_MIN_BAL,2021,9,total,BAL,True,under,77.96449622396146,Moderate,False,-110.0,1.0,-1.0,loss,
enhanced_gbm,2021_09_NE_CAR,2021,9,ats,NE,False,,77.88105808033733,Moderate,False,-101.0,1.0,0.9900990099009901,win,
enhanced_gbm,2021_09_NE_CAR,2021,9,moneyline,NE,False,,77.88105808033733,Moderate,False,-176.0,1.0,0.5681818181818182,win,0.1411294213830835
enhanced_gbm,2021_09_NE_CAR,2021,9,total,NE,False,over,77.88105808033733,Moderate,False,-110.0,1.0,-1.0,loss,
enhanced_gbm,2021_09_LAC_PHI,2021,9,ats,LAC,False,,78.70286858982489,Moderate,False,-101.0,1.0,0.9900990099009901,win,
enhanced_gbm,2021_09_LAC_PHI,2021,9,moneyline,LAC,False,,78.70286858982489,Moderate,False,-106.0,1.0,0.9433962264150944,win,0.2724655791021324
enhanced_gbm,2021_09_ARI_SF,2021,9,ats,ARI,False,,74.59022297803598,Moderate,False,-105.0,1.0,0.9523809523809523,win,
enhanced_gbm,2021_09_ARI_SF,2021,9,moneyline,ARI,False,,74.59022297803598,Moderate,False,207.0,1.0,2.07,win,0.4201693307575585
enhanced_gbm,2021_09_ARI_SF,2021,9,total,ARI,False,over,74.59022297803598,Moderate,False,-110.0,1.0,0.9090909090909091,win,
enhanced_gbm,2021_09_TEN_LA,2021,9,ats,LA,True,,96.712720079454,Elite,True,-114.0,1.0,-1.0,loss,
enhanced_gbm,2021_09_TEN_LA,2021,9,moneyline,LA,True,,96.712720079454,Elite,True,-350.0,1.0,-1.0,loss,0.18934942301676227
enhanced_gbm,2021_09_TEN_LA,2021,9,total,LA,True,under,96.712720079454,Elite,True,-110.0,1.0,0.9090909090909091,win,
enhanced_gbm,2021_09_CHI_PIT,2021,9,ats,PIT,True,,92.4727736787583,Elite,True,-101.0,1.0,-1.0,loss,
enhanced_gbm,2021_09_CHI_PIT,2021,9,moneyline,PIT,True,,92.4727736787583,Elite,True,-306.0,1.0,0.32679738562091504,win,0.17103315550679488
enhanced_gbm,2021_10_BAL_MIA,2021,10,ats,BAL,False,,88.66135792121247,Strong,True,-106.0,1.0,-1.0,loss,
enhanced_gbm,2021_10_BAL_MIA,2021,10,moneyline,BAL,False,,88.66135792121247,Strong,True,-390.0,1.0,-1.0,loss,0.09069521186518592
enhanced_gbm,2021_10_BAL_MIA,2021,10,total,BAL,False,over,88.66135792121247,Strong,True,-110.0,1.0,-1.0,loss,
enhanced_gbm,2021_10_CLE_NE,2021,10,ats,CLE,False,,80.6915088794955,Strong,False,-104.0,1.0,-1.0,loss,
enhanced_gbm,2021_10_CLE_NE,2021,10,moneyline,CLE,False,,80.6915088794955,Strong,False,119.0,1.0,-1.0,loss,0.350294084228745
enhanced_gbm,2021_10_DET_PIT,2021,10,ats,PIT,True,,99.79302854700765,Elite,True,110.0,1.0,-1.0,loss,
enhanced_gbm,2021_10_DET_PIT,2021,10,moneyline,PIT,True,,99.79302854700765,Elite,True,-359.0,1.0,0.0,push,0.21579520921735318
enhanced_gbm,2021_10_DET_PIT,2021,10,total,PIT,True,over,99.79302854700765,Elite,True,-110.0,1.0,-1.0,loss,
enhanced_gbm,2021_10_JAX_IND,2021,10,ats,IND,True,,94.8417533796504,Elite,True,104.0,1.0,-1.0,loss,
enhanced_gbm,2021_10_JAX_IND,2021,10,moneyline,IND,True,,94.8417533796504,Elite,True,-434.0,1.0,0.2304147465437788,win,0.13568345139950022
enhanced_gbm,2021_10_NO_TEN,2021,10,ats,TEN,True,,73.95496182173727,Moderate,False,103.0,1.0,-1.0,loss,
enhanced_gbm,2021_10_NO_TEN,2021,10,moneyline,TEN,True,,73.95496182173727,Moderate,False,-147.0,1.0,0.6802721088435374,win,0.1444079178125145
enhanced_gbm,2021_10_NO_TEN,2021,10,total,TEN,True,over,73.95496182173727,Moderate,False,-110.0,1.0,0.0,push,
enhanced_gbm,2021_10_TB_WAS,2021,10,ats,TB,False,,86.51169362895116,Strong,True,106.0,1.0,-1.0,loss,
enhanced_gbm,2021_10_TB_WAS,2021,10,moneyline,TB,False,,86.51169362895116,Strong,True,-435.0,1.0,-1.0,loss,0.052032824139979006
enhanced_gbm,2021_10_PHI_DEN,2021,10,ats,PHI,False,,90.12548422034901,Elite,False,-108.0,1.0,0.9259259259259259,win,
enhanced_gbm,2021_10_PHI_DEN,2021,10,moneyline,PHI,False,,90.12548422034901,Elite,False,101.0,1.0,1.01,win,0.4037424043925448
enhanced_gbm,2021_10_LA_SF,2021,10,ats,LA,False,,93.68203073921502,Elite,True,-100.0,1.0,-1.0,loss,
enhanced_gbm,2021_10_LA_SF,2021,10,moneyline,LA,False,,93.68203073921502,Elite,True,-177.0,1.0,-1.0,loss,0.29783113771706005
enhanced_gbm,2021_11_NE_ATL,2021,11,ats,NE,False,,95.30577527550783,Elite,True,-111.0,1.0,0.9009009009009009,win,
enhanced_gbm,2021_11_NE_ATL,2021,11,moneyline,NE,False,,95.30577527550783,Elite,True,-329.0,1.0,0.303951367781155,win,0.1861579858553114
enhanced_gbm,2021_11_BAL_CHI,2021,11,ats,BAL,False,,76.6960989612575,Moderate,False,-103.0,1.0,-1.0,loss,
enhanced_gbm,2021_11_BAL_CHI,2021,11,moneyline,BAL,False,,76.6960989612575,Moderate,False,-226.0,1.0,0.4424778761061947,win,0.0737094558702438
enhanced_gbm,2021_11_BAL_CHI,2021,11,total,BAL,False,over,76.6960989612575,Moderate,False,-110.0,1.0,-1.0,loss,
enhanced_gbm,2021_11_DET_CLE,2021,11,ats,CLE,True,,99.7280701581825,Elite,True,-104.0,1.0,-1.0,loss,
enhanced_gbm,2021_11_DET_CLE,2021,11,moneyline,CLE,True,,99.7280701581825,Elite,True,-590.0,1.0,0.1694915254237288,win,0.14220823781370906
enhanced_gbm,2021_11_DET_CLE,2021,11,total,CLE,True,over,99.7280701581825,Elite,True,-110.0,1.0,-1.0,loss,
enhanced_gbm,2021_11_GB_MIN,2021,11,ats,GB,False,,93.71041316435546,Elite,False,-105.0,1.0,-1.0,loss,
enhanced_gbm,2021_11_GB_MIN,2021,11,moneyline,GB,False,,93.71041316435546,Elite,False,-111.0,1.0,-1.0,loss,0.4110377809326541
enhanced_gbm,2021_11_GB_MIN,2021,11,total,GB,False,under,93.71041316435546,Elite,False,-110.0,1.0,-1.0,loss,
enhanced_gbm,2021_11_HOU_TEN,2021,11,ats,TEN,True,,98.11707949331424,Elite,True,-100.0,1.0,-1.0,loss,
enhanced_gbm,2021_11_HOU_TEN,2021,11,moneyline,TEN,True,,98.11707949331424,Elite,True,-462.0,1.0,-1.0,loss,0.1591067379936406
enhanced_gbm,2021_11_HOU_TEN,2021,11,total,TEN,True,over,98.11707949331424,Elite,True,-110.0,1.0,-1.0,loss,
enhanced_gbm,2021_11_IND_BUF,2021,11,ats,BUF,True,,95.0603716795319,Elite,True,105.0,1.0,-1.0,loss,
enhanced_gbm,2021_11_IND_BUF,2021,11,moneyline,BUF,True,,95.0603716795319,Elite,True,-320.0,1.0,-1.0,loss,0.1886989548905571
enhanced_gbm,2021_11_IND_BUF,2021,11,total,BUF,True,under,95.0603716795319,Elite,True,-110.0,1.0,-1.0,loss,
enhanced_gbm,2021_11_SF_JAX,2021,11,ats,SF,False,,91.33160726541541,Elite,True,-106.0,1.0,0.9433962264150944,win,
enhanced_gbm,2021_11_SF_JAX,2021,11,moneyline,SF,False,,91.33160726541541,Elite,True,-281.0,1.0,0.35587188612099646,win,0.17578326425520407
enhanced_gbm,2021_11_WAS_CAR,2021,11,ats,WAS,False,,72.21706863036482,Moderate,False,-114.0,1.0,0.8771929824561403,win,
enhanced_gbm,2021_11_WAS_CAR,2021,11,moneyline,WAS,False,,72.21706863036482,Moderate,False,154.0,1.0,1.54,win,0.3284698989020734
enhanced_gbm,2021_11_DAL_KC,2021,11,ats,KC,True,,74.5069896849995,Moderate,False,-110.0,1.0,0.9090909090909091,win,
enhanced_gbm,2021_11_DAL_KC,2021,11,moneyline,KC,True,,74.5069896849995,Moderate,False,-134.0,1.0,0.746268656716418,win,0.1724203242004223
enhanced_gbm,2021_11_DAL_KC,2021,11,total,KC,True,under,74.5069896849995,Moderate,False,-110.0,1.0,0.9090909090909091,win,
enhanced_gbm,2021_11_NYG_TB,2021,11,ats,TB,True,,98.99518366658378,Elite,True,102.0,1.0,1.02,win,
enhanced_gbm,2021_11_NYG_TB,2021,11,moneyline,TB,True,,98.99518366658378,Elite,True,-527.0,1.0,0.18975332068311196,win,0.14944146983968154
enhanced_gbm,2021_12_BUF_NO,2021,12,ats,BUF,False,,91.0649638333056,Elite,True,100.0,1.0,1.0,win,
enhanced_gbm,2021_12_BUF_NO,2021,12,moneyline,BUF,False,,91.0649638333056,Elite,True,-270.0,1.0,0.37037037037037035,win,0.1809199086033263
enhanced_gbm,2021_12_BUF_NO,2021,12,total,BUF,False,over,91.0649638333056,Elite,True,-110.0,1.0,-1.0,loss,
enhanced_gbm,2021_12_ATL_JAX,2021,12,ats,JAX,True,,83.14524466113649,Strong,True,-108.0,1.0,-1.0,loss,
enhanced_gbm,2021_12_ATL_JAX,2021,12,moneyline,JAX,True,,83.14524466113649,Strong,True,105.0,1.0,-1.0,loss,0.3436475685625844
enhanced_gbm,2021_12_ATL_JAX,2021,12,total,JAX,True,under,83.14524466113649,Strong,True,-110.0,1.0,0.9090909090909091,win,
enhanced_gbm,2021_12_NYJ_HOU,2021,12,ats,HOU,True,,93.3516731491139,Elite,False,111.0,1.0,-1.0,loss,
enhanced_gbm,2021_12_NYJ_HOU,2021,12,moneyline,HOU,True,,93.3516731491139,Elite,False,-138.0,1.0,-1.0,loss,0.3536847987180297
enhanced_gbm,2021_12_NYJ_HOU,2021,12,total,HOU,True,over,93.3516731491139,Elite,False,-110.0,1.0,-1.0,loss,
enhanced_gbm,2021_12_PHI_NYG,2021,12,ats,NYG,True,,79.20920707897415,Moderate,False,-110.0,1.0,0.9090909090909091,win,
enhanced_gbm,2021_12_PHI_NYG,2021,12,moneyline,NYG,True,,79.20920707897415,Moderate,False,171.0,1.0,1.71,win,0.42308838075284105
enhanced_gbm,2021_12_PHI_NYG,2021,12,total,NYG,True,over,79.20920707897415,Moderate,False,-110.0,1.0,-1.0,loss,
enhanced_gbm,2021_12_PIT_CIN,2021,12,ats,PIT,False,,79.40401409800076,Moderate,False,-111.0,1.0,-1.0,loss,
enhanced_gbm,2021_12_PIT_CIN,2021,12,moneyline,PIT,False,,79.40401409800076,Moderate,False,154.0,1.0,-1.0,loss,0.4003393535784328
enhanced_gbm,2021_12_PIT_CIN,2021,12,total,PIT,False,over,79.40401409800076,Moderate,False,-110.0,1.0,0.9090909090909091,win,
enhanced_gbm,2021_12_TEN_NE,2021,12,ats,NE,True,,93.54103590485889,Elite,True,106.0,1.0,1.06,win,
enhanced_gbm,2021_12_TEN_NE,2021,12,moneyline,NE,True,,93.54103590485889,Elite,True,-305.0,1.0,0.32786885245901637,win,0.1823239392955024
enhanced_gbm,2021_12_TEN_NE,2021,12,total,NE,True,over,93.54103590485889,Elite,True,-110.0,1.0,0.9090909090909091,win,
enhanced_gbm,2021_12_LAC_DEN,2021,12,ats,LAC,False,,83.5751970394585,Strong,False,-114.0,1.0,-1.0,loss,
enhanced_gbm,2021_12_LAC_DEN,2021,12,moneyline,LAC,False,,83.5751970394585,Strong,False,-141.0,1.0,-1.0,loss,0.2506897297306846
enhanced_gbm,2021_12_LAC_DEN,2021,12,total,LAC,False,under,83.5751970394585,Strong,False,-110.0,1.0,0.9090909090909091,win,
enhanced_gbm,2021_12_LA_GB,2021,12,ats,LA,False,,84.59618269568696,Strong,False,-100.0,1.0,-1.0,loss,
enhanced_gbm,2021_12_LA_GB,2021,12,moneyline,LA,False,,84.59618269568696,Strong,False,-120.0,1.0,-1.0,loss,0.3005072815023242
enhanced_gbm,2021_12_LA_GB,2021,12,total,LA,False,under,84.59618269568696,Strong,False,-110.0,1.0,-1.0,loss,
enhanced_gbm,2021_12_MIN_SF,2021,12,ats,MIN,False,,86.2060385557412,Strong,False,-108.0,1.0,-1.0,loss,
enhanced_gbm,2021_12_MIN_SF,2021,12,moneyline,MIN,False,,86.2060385557412,Strong,False,164.0,1.0,-1.0,loss,0.48327250676953326
enhanced_gbm,2021_12_CLE_BAL,2021,12,ats,BAL,True,,97.08880244395756,Elite,False,-102.0,1.0,0.9803921568627451,win,
enhanced_gbm,2021_12_CLE_BAL,2021,12,moneyline,BAL,True,,97.08880244395756,Elite,False,-156.0,1.0,0.6410256410256411,win,0.36151302443957556
enhanced_gbm,2021_13_ARI_CHI,2021,13,ats,ARI,False,,74.27711380624184,Moderate,True,-116.0,1.0,0.8620689655172413,win,
enhanced_gbm,2021_13_IND_HOU,2021,13,ats,IND,False,,93.51608631058117,Elite,True,-105.0,1.0,0.9523809523809523,win,
enhanced_gbm,2021_13_IND_HOU,2021,13,moneyline,IND,False,,93.51608631058117,Elite,True,-408.0,1.0,0.24509803921568626,win,0.1320112568065991
enhanced_gbm,2021_13_IND_HOU,2021,13,total,IND,False,over,93.51608631058117,Elite,True,-110.0,1.0,-1.0,loss,
enhanced_gbm,2021_13_MIN_DET,2021,13,ats,MIN,False,,97.74906562365895,Elite,True,-104.0,1.0,-1.0,loss,
enhanced_gbm,2021_13_MIN_DET,2021,13,moneyline,MIN,False,,97.74906562365895,Elite,True,-296.0,1.0,-1.0,loss,0.23001590876184197
enhanced_gbm,2021_13_MIN_DET,2021,13,total,MIN,False,under,97.74906562365895,Elite,True,-110.0,1.0,-1.0,loss,
enhanced_gbm,2021_13_NYG_MIA,2021,13,ats,MIA,True,,86.0501484905443,Strong,True,-120.0,1.0,0.8333333333333334,win,
enhanced_gbm,2021_13_NYG_MIA,2021,13,moneyline,MIA,True,,86.0501484905443,Strong,True,-293.0,1.0,0.3412969283276451,win,0.11495441111409455
enhanced_gbm,2021_13_NYG_MIA,2021,13,total,MIA,True,over,86.0501484905443,Strong,True,-110.0,1.0,-1.0,loss,
enhanced_gbm,2021_13_PHI_NYJ,2021,13,ats,PHI,False,,96.73978719673624,Elite,False,102.0,1.0,1.02,win,
enhanced_gbm,2021_13_PHI_NYJ,2021,13,moneyline,PHI,False,,96.73978719673624,Elite,False,-199.0,1.0,0.5025125628140703,win,0.30184603250247954
enhanced_gbm,2021_13_PHI_NYJ,2021,13,total,PHI,False,over,96.73978719673624,Elite,False,-110.0,1.0,0.9090909090909091,win,
enhanced_gbm,2021_13_TB_ATL,2021,13,ats,TB,False,,92.90296610914476,Elite,True,-103.0,1.0,0.970873786407767,win,
enhanced_gbm,2021_13_TB_ATL,2021,13,moneyline,TB,False,,92.90296610914476,Elite,True,-475.0,1.0,0.21052631578947367,win,0.10294270456970844
enhanced_gbm,2021_13_JAX_LA,2021,13,ats,LA,True,,94.1436565390664,Elite,True,-108.0,1.0,0.9259259259259259,win,
enhanced_gbm,2021_13_JAX_LA,2021,13,moneyline,LA,True,,94.1436565390664,Elite,True,-796.0,1.0,0.12562814070351758,win,0.05304370824780691
enhanced_gbm,2021_13_JAX_LA,2021,13,total,LA,True,under,94.1436565390664,Elite,True,-110.0,1.0,0.9090909090909091,win,
enhanced_gbm,2021_13_DEN_KC,2021,13,ats,KC,True,,93.238177374076,Elite,False,-105.0,1.0,0.9523809523809523,win,
enhanced_gbm,2021_13_DEN_KC,2021,13,moneyline,KC,True,,93.238177374076,Elite,False,-387.0,1.0,0.25839793281653745,win,0.13772058277566768
enhanced_gbm,2021_13_DEN_KC,2021,13,total,KC,True,under,93.238177374076,Elite,False,-110.0,1.0,0.9090909090909091,win,
enhanced_gbm,2021_14_ATL_CAR,2021,14,ats,ATL,False,,81.63888320158934,Strong,False,-104.0,1.0,0.9615384615384616,win,
enhanced_gbm,2021_14_ATL_CAR,2021,14,moneyline,ATL,False,,81.63888320158934,Strong,False,123.0,1.0,1.23,win,0.3679583387423508
enhanced_gbm,2021_14_ATL_CAR,2021,14,total,ATL,False,over,81.63888320158934,Strong,False,-110.0,1.0,0.9090909090909091,win,
enhanced_gbm,2021_14_BAL_CLE,2021,14,ats,CLE,True,,81.08586133289076,Strong,False,-107.0,1.0,-1.0,loss,
enhanced_gbm,2021_14_BAL_CLE,2021,14,moneyline,CLE,True,,81.08586133289076,Strong,False,-150.0,1.0,0.6666666666666666,win,0.21085861332890765
enhanced_gbm,2021_14_JAX_TEN,2021,14,ats,TEN,True,,95.9872487960719,Elite,True,-103.0,1.0,0.970873786407767,win,
enhanced_gbm,2021_14_JAX_TEN,2021,14,moneyline,TEN,True,,95.9872487960719,Elite,True,-384.0,1.0,0.2604166666666667,win,0.16648405820865286
enhanced_gbm,2021_14_JAX_TEN,2021,14,total,TEN,True,over,95.9872487960719,Elite,True,-110.0,1.0,-1.0,loss,
enhanced_gbm,2021_14_LV_KC,2021,14,ats,KC,True,,95.57912201370327,Elite,True,-103.0,1.0,0.970873786407767,win,
enhanced_gbm,2021_14_LV_KC,2021,14,moneyline,KC,True,,95.57912201370327,Elite,True,-444.0,1.0,0.22522522522522523,win,0.13961474954879738
enhanced_gbm,2021_14_NO_NYJ,2021,14,ats,NYJ,True,,81.34541181704176,Strong,False,-114.0,1.0,-1.0,loss,
enhanced_gbm,2021_14_NO_NYJ,2021,14,moneyline,NYJ,True,,81.34541181704176,Strong,False,173.0,1.0,-1.0,loss,0.4471537518700513
enhanced_gbm,2021_14_NO_NYJ,2021,14,total,NYJ,True,over,81.34541181704176,Strong,False,-110.0,1.0,-1.0,loss,
enhanced_gbm,2021_14_SEA_HOU,2021,14,ats,SEA,False,,98.34608826265932,Elite,True,104.0,1.0,1.04,win,
enhanced_gbm,2021_14_SEA_HOU,2021,14,moneyline,SEA,False,,98.34608826265932,Elite,True,-401.0,1.0,0.24937655860349128,win,0.18306168102978682
enhanced_gbm,2021_14_DET_DEN,2021,14,ats,DEN,True,,98.38190629508895,Elite,True,-102.0,1.0,0.9803921568627451,win,
enhanced_gbm,2021_14_DET_DEN,2021,14,moneyline,DEN,True,,98.38190629508895,Elite,True,-635.0,1.0,0.15748031496062992,win,0.11987348471959702
enhanced_gbm,2021_14_DET_DEN,2021,14,total,DEN,True,under,98.38190629508895,Elite,True,-110.0,1.0,-1.0,loss,
enhanced_gbm,2021_14_NYG_LAC,2021,14,ats,LAC,True,,80.70314347086178,Strong,True,106.0,1.0,1.06,win,
enhanced_gbm,2021_14_NYG_LAC,2021,14,moneyline,LAC,True,,80.70314347086178,Strong,True,-395.0,1.0,0.25316455696202533,win,0.0090516367288197
enhanced_gbm,2021_14_NYG_LAC,2021,14,total,LAC,True,over,80.70314347086178,Strong,True,-110.0,1.0,0.9090909090909091,win,
enhanced_gbm,2021_14_CHI_GB,2021,14,ats,GB,True,,98.26802406246692,Elite,True,-109.0,1.0,0.9174311926605505,win,
enhanced_gbm,2021_14_CHI_GB,2021,14,moneyline,GB,True,,98.26802406246692,Elite,True,-639.0,1.0,0.1564945226917058,win,0.11799823791830921
enhanced_gbm,2021_14_LA_ARI,2021,14,ats,LA,False,,79.11799949437051,Moderate,False,104.0,1.0,1.04,win,
enhanced_gbm,2021_14_LA_ARI,2021,14,moneyline,LA,False,,79.11799949437051,Moderate,False,154.0,1.0,1.54,win,0.39747920754213023
enhanced_gbm,2021_14_LA_ARI,2021,14,total,LA,False,under,79.11799949437051,Moderate,False,-110.0,1.0,-1.0,loss,
enhanced_gbm,2021_15_KC_LAC,2021,15,ats,KC,False,,73.57743042555238,Moderate,False,-117.0,1.0,0.8547008547008547,win,
enhanced_gbm,2021_15_KC_LAC,2021,15,moneyline,KC,False,,73.57743042555238,Moderate,False,-173.0,1.0,0.5780346820809249,win,0.10207467055589015
enhanced_gbm,2021_15_KC_LAC,2021,15,total,KC,False,under,73.57743042555238,Moderate,False,-110.0,1.0,-1.0,loss,
enhanced_gbm,2021_15_NE_IND,2021,15,ats,NE,False,,86.55350846362789,Strong,False,-101.0,1.0,-1.0,loss,
enhanced_gbm,2021_15_NE_IND,2021,15,moneyline,NE,False,,86.55350846362789,Strong,False,-102.0,1.0,-1.0,loss,0.360584589586774
enhanced_gbm,2021_15_ARI_DET,2021,15,ats,ARI,False,,91.72129514183531,Elite,True,-102.0,1.0,-1.0,loss,
enhanced_gbm,2021_15_ARI_DET,2021,15,moneyline,ARI,False,,91.72129514183531,Elite,True,-634.0,1.0,-1.0,loss,0.053452733434701916
enhanced_gbm,2021_15_ARI_DET,2021,15,total,ARI,False,under,91.72129514183531,Elite,True,-110.0,1.0,0.9090909090909091,win,
enhanced_gbm,2021_15_DAL_NYG,2021,15,ats,DAL,False,,94.32633757258597,Elite,True,-120.0,1.0,0.8333333333333334,win,
enhanced_gbm,2021_15_DAL_NYG,2021,15,moneyline,DAL,False,,94.32633757258597,Elite,True,-534.0,1.0,0.18726591760299627,win,0.10099208235046542
enhanced_gbm,2021_15_DAL_NYG,2021,15,total,DAL,False,over,94.32633757258597,Elite,True,-110.0,1.0,-1.0,loss,
enhanced_gbm,2021_15_NYJ_MIA,2021,15,ats,MIA,True,,98.36591255728376,Elite,True,102.0,1.0,-1.0,loss,
enhanced_gbm,2021_15_NYJ_MIA,2021,15,moneyline,MIA,True,,98.36591255728376,Elite,True,-445.0,1.0,0.2247191011235955,win,0.16714536410494774
enhanced_gbm,2021_15_NYJ_MIA,2021,15,total,MIA,True,over,98.36591255728376,Elite,True,-110.0,1.0,0.9090909090909091,win,
enhanced_gbm,2021_15_ATL_SF,2021,15,ats,SF,True,,92.40556204704066,Elite,True,102.0,1.0,1.02,win,
enhanced_gbm,2021_15_ATL_SF,2021,15,moneyline,SF,True,,92.40556204704066,Elite,True,-380.0,1.0,0.2631578947368421,win,0.13238895380374005
enhanced_gbm,2021_15_CIN_DEN,2021,15,ats,CIN,False,,89.21619426601845,Strong,False,-110.0,1.0,0.9090909090909091,win,
enhanced_gbm,2021_15_CIN_DEN,2021,15,moneyline,CIN,False,,89.21619426601845,Strong,False,140.0,1.0,1.4,win,0.47549527599351776
enhanced_gbm,2021_15_GB_BAL,2021,15,ats,GB,False,,76.68432421460452,Moderate,False,104.0,1.0,-1.0,loss,
enhanced_gbm,2021_15_NO_TB,2021,15,ats,TB,True,,96.3433264141574,Elite,True,-110.0,1.0,-1.0,loss,
enhanced_gbm,2021_15_NO_TB,2021,15,moneyline,TB,True,,96.3433264141574,Elite,True,-518.0,1.0,-1.0,loss,0.12524556187620184
enhanced_gbm,2021_15_NO_TB,2021,15,total,TB,True,over,96.3433264141574,Elite,True,-110.0,1.0,-1.0,loss,
enhanced_gbm,2021_15_LV_CLE,2021,15,ats,CLE,True,,75.78329027863548,Moderate,False,-109.0,1.0,0.9174311926605505,win,
enhanced_gbm,2021_15_LV_CLE,2021,15,moneyline,CLE,True,,75.78329027863548,Moderate,False,131.0,1.0,-1.0,loss,0.32493246988592184
enhanced_gbm,2021_15_LV_CLE,2021,15,total,CLE,True,over,75.78329027863548,Moderate,False,-110.0,1.0,-1.0,loss,
enhanced_gbm,2021_15_SEA_LA,2021,15,ats,LA,True,,97.88691513396252,Elite,True,108.0,1.0,1.08,win,
enhanced_gbm,2021_15_SEA_LA,2021,15,moneyline,LA,True,,97.88691513396252,Elite,True,-352.0,1.0,0.2840909090909091,win,0.2001080893927225
enhanced_gbm,2021_15_SEA_LA,2021,15,total,LA,True,under,97.88691513396252,Elite,True,-110.0,1.0,0.9090909090909091,win,
enhanced_gbm,2021_15_WAS_PHI,2021,15,ats,PHI,True,,97.03184416161207,Elite,True,-110.0,1.0,0.0,push,
enhanced_gbm,2021_15_WAS_PHI,2021,15,moneyline,PHI,True,,97.03184416161207,Elite,True,-465.0,1.0,0.21505376344086022,win,0.14730959205859862
enhanced_gbm,2021_15_WAS_PHI,2021,15,total,PHI,True,over,97.03184416161207,Elite,True,-110.0,1.0,0.9090909090909091,win,
enhanced_gbm,2021_16_SF_TEN,2021,16,ats,TEN,True,,83.90013464022267,Strong,False,-120.0,1.0,0.8333333333333334,win,
enhanced_gbm,2021_16_SF_TEN,2021,16,moneyline,TEN,True,,83.90013464022267,Strong,False,154.0,1.0,1.54,win,0.44530055900065185
enhanced_gbm,2021_16_SF_TEN,2021,16,total,TEN,True,over,83.90013464022267,Strong,False,-110.0,1.0,-1.0,loss,
enhanced_gbm,2021_16_CLE_GB,2021,16,ats,GB,True,,97.02913378482238,Elite,True,-112.0,1.0,-1.0,loss,
enhanced_gbm,2021_16_CLE_GB,2021,16,moneyline,GB,True,,97.02913378482238,Elite,True,-430.0,1.0,0.23255813953488372,win,0.15897058313124257
enhanced_gbm,2021_16_CLE_GB,2021,16,total,GB,True,under,97.02913378482238,Elite,True,-110.0,1.0,0.9090909090909091,win,
enhanced_gbm,2021_16_IND_ARI,2021,16,ats,IND,False,,81.8499289165389,Strong,False,102.0,1.0,1.02,win,
enhanced_gbm,2021_16_IND_ARI,2021,16,moneyline,IND,False,,81.8499289165389,Strong,False,143.0,1.0,1.43,win,0.4069766554205331
enhanced_gbm,2021_16_BAL_CIN,2021,16,ats,CIN,True,,88.84594352176775,Strong,False,-109.0,1.0,0.9174311926605505,win,
enhanced_gbm,2021_16_BAL_CIN,2021,16,moneyline,CIN,True,,88.84594352176775,Strong,False,-369.0,1.0,0.27100271002710025,win,0.10167905142236844
enhanced_gbm,2021_16_BAL_CIN,2021,16,total,CIN,True,over,88.84594352176775,Strong,False,-110.0,1.0,0.9090909090909091,win,
enhanced_gbm,2021_16_BUF_NE,2021,16,ats,BUF,False,,82.32714587235651,Strong,False,-106.0,1.0,0.9433962264150944,win,
enhanced_gbm,2021_16_BUF_NE,2021,16,moneyline,BUF,False,,82.32714587235651,Strong,False,102.0,1.0,1.02,win,0.32822195377307006
enhanced_gbm,2021_16_DET_ATL,2021,16,ats,ATL,True,,92.83160326868794,Elite,False,-105.0,1.0,-1.0,loss,
enhanced_gbm,2021_16_DET_ATL,2021,16,moneyline,ATL,True,,92.83160326868794,Elite,False,-373.0,1.0,0.2680965147453083,win,0.13973252317313734
enhanced_gbm,2021_16_DET_ATL,2021,16,total,ATL,True,over,92.83160326868794,Elite,False,-110.0,1.0,-1.0,loss,
enhanced_gbm,2021_16_LAC_HOU,2021,16,ats,LAC,False,,82.25470339718373,Strong,True,102.0,1.0,-1.0,loss,
enhanced_gbm,2021_16_LAC_HOU,2021,16,total,LAC,False,over,82.25470339718373,Strong,True,-110.0,1.0,0.9090909090909091,win,
enhanced_gbm,2021_16_LA_MIN,2021,16,ats,LA,False,,73.86328994048854,Moderate,True,-103.0,1.0,0.970873786407767,win,
enhanced_gbm,2021_16_LA_MIN,2021,16,moneyline,LA,False,,73.86328994048854,Moderate,True,-177.0,1.0,0.5649717514124294,win,0.09964372972979518
enhanced_gbm,2021_16_LA_MIN,2021,16,total,LA,False,over,73.86328994048854,Moderate,True,-110.0,1.0,0.9090909090909091,win,
enhanced_gbm,2021_16_NYG_PHI,2021,16,ats,PHI,True,,99.52765444775066,Elite,True,-103.0,1.0,0.970873786407767,win,
enhanced_gbm,2021_16_NYG_PHI,2021,16,moneyline,PHI,True,,99.52765444775066,Elite,True,-529.0,1.0,0.1890359168241966,win,0.15425905640119508
enhanced_gbm,2021_16_NYG_PHI,2021,16,total,PHI,True,over,99.52765444775066,Elite,True,-110.0,1.0,0.9090909090909091,win,
enhanced_gbm,2021_16_TB_CAR,2021,16,ats,TB,False,,86.32574568127777,Strong,True,105.0,1.0,1.05,win,
enhanced_gbm,2021_16_TB_CAR,2021,16,moneyline,TB,False,,86.32574568127777,Strong,True,-503.0,1.0,0.1988071570576541,win,0.02909493608309277
enhanced_gbm,2021_16_TB_CAR,2021,16,total,TB,False,over,86.32574568127777,Strong,True,-110.0,1.0,-1.0,loss,
enhanced_gbm,2021_16_CHI_SEA,2021,16,ats,SEA,True,,91.81982086407292,Elite,True,-108.0,1.0,-1.0,loss,
enhanced_gbm,2021_16_CHI_SEA,2021,16,moneyline,SEA,True,,91.81982086407292,Elite,True,-313.0,1.0,-1.0,loss,0.16032895924605606
enhanced_gbm,2021_16_DEN_LV,2021,16,ats,DEN,False,,72.13139921227845,Moderate,False,-101.0,1.0,-1.0,loss,
enhanced_gbm,2021_16_DEN_LV,2021,16,moneyline,DEN,False,,72.13139921227845,Moderate,False,-109.0,1.0,-1.0,loss,0.19978289164431562
enhanced_gbm,2021_16_PIT_KC,2021,16,ats,KC,True,,92.6436352805644,Elite,True,102.0,1.0,1.02,win,
enhanced_gbm,2021_16_PIT_KC,2021,16,moneyline,KC,True,,92.6436352805644,Elite,True,-400.0,1.0,0.25,win,0.12643635280564391
enhanced_gbm,2021_16_PIT_KC,2021,16,total,KC,True,over,92.6436352805644,Elite,True,-110.0,1.0,0.9090909090909091,win,
enhanced_gbm,2021_16_MIA_NO,2021,16,ats,MIA,False,,79.50701843466447,Moderate,False,-110.0,1.0,0.9090909090909091,win,
enhanced_gbm,2021_16_MIA_NO,2021,16,moneyline,MIA,False,,79.50701843466447,Moderate,False,-160.0,1.0,0.625,win,0.17968556896202936
enhanced_gbm,2021_16_MIA_NO,2021,16,total,MIA,False,over,79.50701843466447,Moderate,False,-110.0,1.0,-1.0,loss,
enhanced_gbm,2021_17_ATL_BUF,2021,17,ats,BUF,True,,97.53856765083268,Elite,True,-111.0,1.0,0.0,push,
enhanced_gbm,2021_17_ATL_BUF,2021,17,moneyline,BUF,True,,97.53856765083268,Elite,True,-871.0,1.0,0.1148105625717566,win,0.07837228824880049
enhanced_gbm,2021_17_JAX_NE,2021,17,ats,NE,True,,97.95599834993271,Elite,True,-102.0,1.0,0.9803921568627451,win,
enhanced_gbm,2021_17_JAX_NE,2021,17,moneyline,NE,True,,97.95599834993271,Elite,True,-1056.0,1.0,0.0946969696969697,win,0.06606517381074584
enhanced_gbm,2021_17_KC_CIN,2021,17,ats,KC,False,,90.95176940224172,Elite,False,-103.0,1.0,-1.0,loss,
enhanced_gbm,2021_17_KC_CIN,2021,17,moneyline,KC,False,,90.95176940224172,Elite,False,-178.0,1.0,-1.0,loss,0.26922992423824454
enhanced_gbm,2021_17_KC_CIN,2021,17,total,KC,False,under,90.95176940224172,Elite,False,-110.0,1.0,-1.0,loss,
enhanced_gbm,2021_17_LA_BAL,2021,17,ats,LA,False,,73.52289721527889,Moderate,True,-110.0,1.0,-1.0,loss,
enhanced_gbm,2021_17_LA_BAL,2021,17,total,LA,False,over,73.52289721527889,Moderate,True,-110.0,1.0,-1.0,loss,
enhanced_gbm,2021_17_LV_IND,2021,17,ats,IND,True,,97.32121189665828,Elite,True,-112.0,1.0,-1.0,loss,
enhanced_gbm,2021_17_LV_IND,2021,17,moneyline,IND,True,,97.32121189665828,Elite,True,-397.0,1.0,-1.0,loss,0.17441936242734735
enhanced_gbm,2021_17_LV_IND,2021,17,total,IND,True,over,97.32121189665828,Elite,True,-110.0,1.0,-1.0,loss,
enhanced_gbm,2021_17_NYG_CHI,2021,17,ats,CHI,True,,71.71649403162355,Moderate,False,104.0,1.0,1.04,win,
enhanced_gbm,2021_17_NYG_CHI,2021,17,total,CHI,True,over,71.71649403162355,Moderate,False,-110.0,1.0,-1.0,loss,
enhanced_gbm,2021_17_PHI_WAS,2021,17,ats,PHI,False,,92.93759527034798,Elite,True,103.0,1.0,-1.0,loss,
enhanced_gbm,2021_17_PHI_WAS,2021,17,moneyline,PHI,False,,92.93759527034798,Elite,True,-238.0,1.0,0.42016806722689076,win,0.22523394086916027
enhanced_gbm,2021_17_PHI_WAS,2021,17,total,PHI,False,over,92.93759527034798,Elite,True,-110.0,1.0,-1.0,loss,
enhanced_gbm,2021_17_DEN_LAC,2021,17,ats,LAC,True,,86.70767243873163,Strong,False,105.0,1.0,1.05,win,
enhanced_gbm,2021_17_DEN_LAC,2021,17,moneyline,LAC,True,,86.70767243873163,Strong,False,-340.0,1.0,0.29411764705882354,win,0.0943494516600436
enhanced_gbm,2021_17_HOU_SF,2021,17,ats,SF,True,,90.56336471668635,Elite,True,101.0,1.0,1.01,win,
enhanced_gbm,2021_17_HOU_SF,2021,17,moneyline,SF,True,,90.56336471668635,Elite,True,-602.0,1.0,0.16611295681063123,win,0.04808378961700588
enhanced_gbm,2021_17_HOU_SF,2021,17,total,SF,True,over,90.56336471668635,Elite,True,-110.0,1.0,-1.0,loss,
enhanced_gbm,2021_17_DET_SEA,2021,17,ats,SEA,True,,95.91671519559746,Elite,True,-114.0,1.0,0.8771929824561403,win,
enhanced_gbm,2021_17_DET_SEA,2021,17,moneyline,SEA,True,,95.91671519559746,Elite,True,-399.0,1.0,0.2506265664160401,win,0.15956795355918096
enhanced_gbm,2021_17_MIN_GB,2021,17,ats,GB,True,,98.63112790030348,Elite,True,105.0,1.0,1.05,win,
enhanced_gbm,2021_17_MIN_GB,2021,17,moneyline,GB,True,,98.63112790030348,Elite,True,-702.0,1.0,0.14245014245014245,win,0.11099955830478048
enhanced_gbm,2021_17_MIN_GB,2021,17,total,GB,True,over,98.63112790030348,Elite,True,-110.0,1.0,0.9090909090909091,win,
enhanced_gbm,2021_17_CLE_PIT,2021,17,ats,PIT,True,,71.82571340352322,Moderate,False,-101.0,1.0,0.9900990099009901,win,
enhanced_gbm,2021_17_CLE_PIT,2021,17,moneyline,PIT,True,,71.82571340352322,Moderate,False,105.0,1.0,1.05,win,0.2304522559864517
enhanced_gbm,2021_18_KC_DEN,2021,18,ats,KC,False,,91.45204441817904,Elite,True,-110.0,1.0,-1.0,loss,
enhanced_gbm,2021_18_KC_DEN,2021,18,moneyline,KC,False,,91.45204441817904,Elite,True,-600.0,1.0,0.16666666666666666,win,0.057377587038933364
enhanced_gbm,2021_18_DAL_PHI,2021,18,ats,DAL,False,,98.15833480536897,Elite,True,-110.0,1.0,0.9090909090909091,win,
enhanced_gbm,2021_18_DAL_PHI,2021,18,moneyline,DAL,False,,98.15833480536897,Elite,True,-300.0,1.0,0.3333333333333333,win,0.23158334805368963
enhanced_gbm,2021_18_DAL_PHI,2021,18,total,DAL,False,over,98.15833480536897,Elite,True,-110.0,1.0,0.9090909090909091,win,
enhanced_gbm,2021_18_CHI_MIN,2021,18,ats,CHI,False,,82.82241410591199,Strong,False,-110.0,1.0,-1.0,loss,
enhanced_gbm,2021_18_CHI_MIN,2021,18,moneyline,CHI,False,,82.82241410591199,Strong,False,160.0,1.0,-1.0,loss,0.44360875644373526
enhanced_gbm,2021_18_GB_DET,2021,18,ats,GB,False,,71.88267240855495,Moderate,True,-110.0,1.0,-1.0,loss,
enhanced_gbm,2021_18_GB_DET,2021,18,moneyline,GB,False,,71.88267240855495,Moderate,True,-195.0,1.0,-1.0,loss,0.057809774933007096
enhanced_gbm,2021_18_GB_DET,2021,18,total,GB,False,over,71.88267240855495,Moderate,True,-110.0,1.0,0.9090909090909091,win,
enhanced_gbm,2021_18_IND_JAX,2021,18,ats,IND,False,,98.6826010355788,Elite,True,-110.0,1.0,-1.0,loss,
enhanced_gbm,2021_18_IND_JAX,2021,18,moneyline,IND,False,,98.6826010355788,Elite,True,-1000.0,1.0,-1.0,loss,0.07773510126487893
enhanced_gbm,2021_18_IND_JAX,2021,18,total,IND,False,over,98.6826010355788,Elite,True,-110.0,1.0,-1.0,loss,
enhanced_gbm,2021_18_PIT_BAL,2021,18,ats,BAL,True,,75.81703597043298,Moderate,False,-110.0,1.0,-1.0,loss,
enhanced_gbm,2021_18_PIT_BAL,2021,18,moneyline,BAL,True,,75.81703597043298,Moderate,False,-155.0,1.0,-1.0,loss,0.15032722244942798
enhanced_gbm,2021_18_PIT_BAL,2021,18,total,BAL,True,over,75.81703597043298,Moderate,False,-110.0,1.0,-1.0,loss,
enhanced_gbm,2021_18_TEN_HOU,2021,18,ats,TEN,False,,72.279715096174,Moderate,True,-105.0,1.0,-1.0,loss,
enhanced_gbm,2021_18_WAS_NYG,2021,18,ats,WAS,False,,90.81840642886873,Elite,False,-102.0,1.0,0.9803921568627451,win,
enhanced_gbm,2021_18_WAS_NYG,2021,18,moneyline,WAS,False,,90.81840642886873,Elite,False,-238.0,1.0,0.42016806722689076,win,0.20404205245436768
enhanced_gbm,2021_18_WAS_NYG,2021,18,total,WAS,False,over,90.81840642886873,Elite,False,-110.0,1.0,-1.0,loss,
enhanced_gbm,2021_18_CAR_TB,2021,18,ats,TB,True,,86.88957604642563,Strong,True,-110.0,1.0,0.9090909090909091,win,
enhanced_gbm,2021_18_CAR_TB,2021,18,moneyline,TB,True,,86.88957604642563,Strong,True,-510.0,1.0,0.19607843137254902,win,0.032830186693764474
enhanced_gbm,2021_18_CAR_TB,2021,18,total,TB,True,over,86.88957604642563,Strong,True,-110.0,1.0,0.9090909090909091,win,
enhanced_gbm,2021_18_NE_MIA,2021,18,ats,NE,False,,88.92123011683248,Strong,True,-110.0,1.0,-1.0,loss,
enhanced_gbm,2021_18_NE_MIA,2021,18,moneyline,NE,False,,88.92123011683248,Strong,True,-250.0,1.0,-1.0,loss,0.17492658688261042
enhanced_gbm,2021_18_NE_MIA,2021,18,total,NE,False,over,88.92123011683248,Strong,True,-110.0,1.0,0.9090909090909091,win,
enhanced_gbm,2021_18_NYJ_BUF,2021,18,ats,BUF,True,,99.56910358015413,Elite,True,-110.0,1.0,0.9090909090909091,win,
enhanced_gbm,2021_18_NYJ_BUF,2021,18,moneyline,BUF,True,,99.56910358015413,Elite,True,-1250.0,1.0,0.08,win,0.06976510987561535
enhanced_gbm,2021_18_NYJ_BUF,2021,18,total,BUF,True,over,99.56910358015413,Elite,True,-110.0,1.0,-1.0,loss,
enhanced_gbm,2021_19_SF_DAL,2021,19,ats,SF,False,,83.89647009087945,Strong,False,100.0,1.0,1.0,win,
enhanced_gbm,2021_19_SF_DAL,2021,19,moneyline,SF,False,,83.89647009087945,Strong,False,144.0,1.0,1.44,win,0.429128635335024
enhanced_gbm,2021_19_SF_DAL,2021,19,total,SF,False,under,83.89647009087945,Strong,False,-110.0,1.0,0.9090909090909091,win,
enhanced_gbm,2021_19_PIT_KC,2021,19,ats,KC,True,,99.67274362526972,Elite,True,111.0,1.0,1.11,win,
enhanced_gbm,2021_19_PIT_KC,2021,19,moneyline,KC,True,,99.67274362526972,Elite,True,-697.0,1.0,0.14347202295552366,win,0.12219795068180628
enhanced_gbm,2021_19_ARI_LA,2021,19,ats,ARI,False,,81.56508830367753,Strong,False,-117.0,1.0,-1.0,loss,
enhanced_gbm,2021_19_ARI_LA,2021,19,moneyline,ARI,False,,81.56508830367753,Strong,False,158.0,1.0,-1.0,loss,0.428053983811969
enhanced_gbm,2021_19_ARI_LA,2021,19,total,ARI,False,under,81.56508830367753,Strong,False,-110.0,1.0,0.9090909090909091,win,
enhanced_gbm,2021_20_CIN_TEN,2021,20,ats,TEN,True,,78.50412084004104,Moderate,True,-102.0,1.0,-1.0,loss,
enhanced_gbm,2021_20_CIN_TEN,2021,20,moneyline,TEN,True,,78.50412084004104,Moderate,True,-191.0,1.0,-1.0,loss,0.12868382008425916
enhanced_gbm,2021_20_CIN_TEN,2021,20,total,TEN,True,under,78.50412084004104,Moderate,True,-110.0,1.0,0.9090909090909091,win,
enhanced_gbm,2021_20_SF_GB,2021,20,ats,GB,True,,86.53913850187995,Strong,False,-114.0,1.0,-1.0,loss,
enhanced_gbm,2021_20_SF_GB,2021,20,moneyline,GB,True,,86.53913850187995,Strong,False,-261.0,1.0,-1.0,loss,0.14239969526810692
enhanced_gbm,2021_20_LA_TB,2021,20,ats,LA,False,,70.70759749047835,Moderate,False,108.0,1.0,1.08,win,
enhanced_gbm,2021_20_LA_TB,2021,20,moneyline,LA,False,,70.70759749047835,Moderate,False,131.0,1.0,1.31,win,0.27417554200435057
enhanced_gbm,2021_20_LA_TB,2021,20,total,LA,False,over,70.70759749047835,Moderate,False,-110.0,1.0,0.9090909090909091,win,
enhanced_gbm,2021_20_BUF_KC,2021,20,ats,KC,True,,86.78645302423253,Strong,False,-110.0,1.0,0.9090909090909091,win,
enhanced_gbm,2021_20_BUF_KC,2021,20,moneyline,KC,True,,86.78645302423253,Strong,False,-138.0,1.0,0.7246376811594203,win,0.28803259746921606
enhanced_gbm,2021_20_BUF_KC,2021,20,total,KC,True,under,86.78645302423253,Strong,False,-110.0,1.0,-1.0,loss,
enhanced_gbm,2021_21_CIN_KC,2021,21,ats,KC,True,,90.06068143481276,Elite,True,-115.0,1.0,-1.0,loss,
enhanced_gbm,2021_21_CIN_KC,2021,21,moneyline,KC,True,,90.06068143481276,Elite,True,-320.0,1.0,-1.0,loss,0.13870205244336575
enhanced_gbm,2021_21_CIN_KC,2021,21,total,KC,True,under,90.06068143481276,Elite,True,-110.0,1.0,0.9090909090909091,win,
enhanced_gbm,2021_22_LA_CIN,2021,22,ats,LA,False,,96.70018578599566,Elite,True,-110.0,1.0,-1.0,loss,
enhanced_gbm,2021_22_LA_CIN,2021,22,moneyline,LA,False,,96.70018578599566,Elite,True,-190.0,1.0,0.5263157894736842,win,0.3118294440668532
enhanced_gbm,2022_01_BAL_NYJ,2022,1,ats,BAL,False,,99.31610823188352,Elite,True,-103.0,1.0,0.970873786407767,win,
enhanced_gbm,2022_01_BAL_NYJ,2022,1,moneyline,BAL,False,,99.31610823188352,Elite,True,-265.0,1.0,0.37735849056603776,win,0.26713368505856117
enhanced_gbm,2022_01_BAL_NYJ,2022,1,total,BAL,False,under,99.31610823188352,Elite,True,-110.0,1.0,0.9090909090909091,win,
enhanced_gbm,2022_01_IND_HOU,2022,1,ats,IND,False,,92.75883077144283,Elite,True,-103.0,1.0,-1.0,loss,
enhanced_gbm,2022_01_IND_HOU,2022,1,moneyline,IND,False,,92.75883077144283,Elite,True,-290.0,1.0,0.0,push,0.18399856412468463
enhanced_gbm,2022_01_IND_HOU,2022,1,total,IND,False,under,92.75883077144283,Elite,True,-110.0,1.0,0.9090909090909091,win,
enhanced_gbm,2022_01_NO_ATL,2022,1,ats,NO,False,,90.43428370705836,Elite,True,-103.0,1.0,-1.0,loss,
enhanced_gbm,2022_01_NO_ATL,2022,1,moneyline,NO,False,,90.43428370705836,Elite,True,-228.0,1.0,0.43859649122807015,win,0.20922088585107146
enhanced_gbm,2022_01_NO_ATL,2022,1,total,NO,False,under,90.43428370705836,Elite,True,-110.0,1.0,-1.0,loss,
enhanced_gbm,2022_01_PHI_DET,2022,1,ats,PHI,False,,96.35546084243018,Elite,True,-110.0,1.0,-1.0,loss,
enhanced_gbm,2022_01_PHI_DET,2022,1,moneyline,PHI,False,,96.35546084243018,Elite,True,-240.0,1.0,0.4166666666666667,win,0.2576722554831252
enhanced_gbm,2022_01_PIT_CIN,2022,1,ats,CIN,True,,91.7788478525328,Elite,True,107.0,1.0,-1.0,loss,
enhanced_gbm,2022_01_PIT_CIN,2022,1,moneyline,CIN,True,,91.7788478525328,Elite,True,-308.0,1.0,-1.0,loss,0.16288651774101437
enhanced_gbm,2022_01_SF_CHI,2022,1,ats,SF,False,,71.4792662340842,Moderate,True,100.0,1.0,-1.0,loss,
enhanced_gbm,2022_01_SF_CHI,2022,1,moneyline,SF,False,,71.4792662340842,Moderate,True,-248.0,1.0,-1.0,loss,0.0021489841799224862
enhanced_gbm,2022_01_SF_CHI,2022,1,total,SF,False,over,71.4792662340842,Moderate,True,-110.0,1.0,-1.0,loss,
enhanced_gbm,2022_01_GB_MIN,2022,1,ats,GB,False,,73.927893065261,Moderate,False,-116.0,1.0,-1.0,loss,
enhanced_gbm,2022_01_GB_MIN,2022,1,moneyline,GB,False,,73.927893065261,Moderate,False,113.0,1.0,-1.0,loss,0.2697953625774927
enhanced_gbm,2022_01_GB_MIN,2022,1,total,GB,False,over,73.927893065261,Moderate,False,-110.0,1.0,-1.0,loss,
enhanced_gbm,2022_01_KC_ARI,2022,1,ats,KC,False,,93.51874493717348,Elite,True,-107.0,1.0,0.9345794392523364,win,
enhanced_gbm,2022_01_KC_ARI,2022,1,moneyline,KC,False,,93.51874493717348,Elite,True,-252.0,1.0,0.3968253968253968,win,0.21927835846264387
enhanced_gbm,2022_01_NYG_TEN,2022,1,ats,NYG,False,,87.87563250685253,Strong,False,-108.0,1.0,0.9259259259259259,win,
enhanced_gbm,2022_01_NYG_TEN,2022,1,moneyline,NYG,False,,87.87563250685253,Strong,False,209.0,1.0,2.09,win,0.5551317295992697
enhanced_gbm,2022_01_NYG_TEN,2022,1,total,NYG,False,under,87.87563250685253,Strong,False,-110.0,1.0,0.9090909090909091,win,
enhanced_gbm,2022_01_TB_DAL,2022,1,ats,TB,False,,93.58548367616054,Elite,False,-108.0,1.0,0.9259259259259259,win,
enhanced_gbm,2022_01_TB_DAL,2022,1,moneyline,TB,False,,93.58548367616054,Elite,False,-133.0,1.0,0.7518796992481203,win,0.3650393861178286
enhanced_gbm,2022_01_DEN_SEA,2022,1,ats,DEN,False,,94.27599690716481,Elite,False,-107.0,1.0,-1.0,loss,
enhanced_gbm,2022_01_DEN_SEA,2022,1,moneyline,DEN,False,,94.27599690716481,Elite,False,-253.0,1.0,-1.0,loss,0.22604608805181803
enhanced_gbm,2022_02_NE_PIT,2022,2,ats,PIT,True,,74.9853467454317,Moderate,False,-109.0,1.0,0.0,push,
enhanced_gbm,2022_02_NE_PIT,2022,2,moneyline,PIT,True,,74.9853467454317,Moderate,False,135.0,1.0,-1.0,loss,0.3243215525607
enhanced_gbm,2022_02_NE_PIT,2022,2,total,PIT,True,over,74.9853467454317,Moderate,False,-110.0,1.0,-1.0,loss,
enhanced_gbm,2022_02_TB_NO,2022,2,ats,TB,False,,81.7738067512279,Strong,True,-109.0,1.0,0.9174311926605505,win,
enhanced_gbm,2022_02_TB_NO,2022,2,moneyline,TB,False,,81.7738067512279,Strong,True,-138.0,1.0,0.7246376811594203,win,0.23790613473916966
enhanced_gbm,2022_02_TB_NO,2022,2,total,TB,False,under,81.7738067512279,Strong,True,-110.0,1.0,0.9090909090909091,win,
enhanced_gbm,2022_02_ATL_LA,2022,2,ats,LA,True,,81.28639224970163,Strong,True,103.0,1.0,-1.0,loss,
enhanced_gbm,2022_02_ATL_LA,2022,2,total,LA,True,under,81.28639224970163,Strong,True,-110.0,1.0,-1.0,loss,
enhanced_gbm,2022_02_SEA_SF,2022,2,ats,SF,True,,87.9508909061299,Strong,False,102.0,1.0,1.02,win,
enhanced_gbm,2022_02_SEA_SF,2022,2,moneyline,SF,True,,87.9508909061299,Strong,False,-379.0,1.0,0.2638522427440633,win,0.08827717628468101
enhanced_gbm,2022_02_SEA_SF,2022,2,total,SF,True,over,87.9508909061299,Strong,False,-110.0,1.0,-1.0,loss,
enhanced_gbm,2022_02_ARI_LV,2022,2,ats,LV,True,,93.23887458423178,Elite,False,100.0,1.0,-1.0,loss,
enhanced_gbm,2022_02_ARI_LV,2022,2,moneyline,LV,True,,93.23887458423178,Elite,False,-223.0,1.0,-1.0,loss,0.24198626906213205
enhanced_gbm,2022_02_ARI_LV,2022,2,total,LV,True,under,93.23887458423178,Elite,False,-110.0,1.0,-1.0,loss,
enhanced_gbm,2022_02_CIN_DAL,2022,2,ats,CIN,False,,99.83910836304733,Elite,False,110.0,1.0,-1.0,loss,
enhanced_gbm,2022_02_CIN_DAL,2022,2,moneyline,CIN,False,,99.83910836304733,Elite,False,-303.0,1.0,-1.0,loss,0.24653004144685042
enhanced_gbm,2022_02_CIN_DAL,2022,2,total,CIN,False,over,99.83910836304733,Elite,False,-110.0,1.0,-1.0,loss,
enhanced_gbm,2022_02_HOU_DEN,2022,2,ats,DEN,True,,98.8111341224569,Elite,True,103.0,1.0,-1.0,loss,
enhanced_gbm,2022_02_HOU_DEN,2022,2,moneyline,DEN,True,,98.8111341224569,Elite,True,-481.0,1.0,0.2079002079002079,win,0.16022838081148827
enhanced_gbm,2022_02_HOU_DEN,2022,2,total,DEN,True,under,98.8111341224569,Elite,True,-110.0,1.0,0.9090909090909091,win,
enhanced_gbm,2022_02_CHI_GB,2022,2,ats,GB,True,,77.7168993060962,Moderate,True,100.0,1.0,1.0,win,
enhanced_gbm,2022_02_CHI_GB,2022,2,total,GB,True,over,77.7168993060962,Moderate,True,-110.0,1.0,-1.0,loss,
enhanced_gbm,2022_03_BAL_NE,2022,3,ats,BAL,False,,75.0483263019862,Moderate,False,-114.0,1.0,0.8771929824561403,win,
enhanced_gbm,2022_03_BAL_NE,2022,3,moneyline,BAL,False,,75.0483263019862,Moderate,False,-143.0,1.0,0.6993006993006993,win,0.16200589676471788
enhanced_gbm,2022_03_BAL_NE,2022,3,total,BAL,False,over,75.0483263019862,Moderate,False,-110.0,1.0,0.9090909090909091,win,
enhanced_gbm,2022_03_BUF_MIA,2022,3,ats,MIA,True,,94.51599794651321,Elite,False,-106.0,1.0,0.9433962264150944,win,
enhanced_gbm,2022_03_BUF_MIA,2022,3,moneyline,MIA,True,,94.51599794651321,Elite,False,175.0,1.0,1.75,win,0.5815236158287684
enhanced_gbm,2022_03_BUF_MIA,2022,3,total,MIA,True,under,94.51599794651321,Elite,False,-110.0,1.0,0.9090909090909091,win,
enhanced_gbm,2022_03_CIN_NYJ,2022,3,ats,CIN,False,,91.31445602345674,Elite,True,104.0,1.0,1.04,win,
enhanced_gbm,2022_03_CIN_NYJ,2022,3,moneyline,CIN,False,,91.31445602345674,Elite,True,-247.0,1.0,0.4048582995951417,win,0.20132899827491324
enhanced_gbm,2022_03_KC_IND,2022,3,ats,KC,False,,99.10871611387525,Elite,True,103.0,1.0,-1.0,loss,
enhanced_gbm,2022_03_KC_IND,2022,3,moneyline,KC,False,,99.10871611387525,Elite,True,-199.0,1.0,-1.0,loss,0.32553532167386956
enhanced_gbm,2022_03_KC_IND,2022,3,total,KC,False,under,99.10871611387525,Elite,True,-110.0,1.0,0.9090909090909091,win,
enhanced_gbm,2022_03_LV_TEN,2022,3,ats,LV,False,,75.84802042646486,Moderate,False,-113.0,1.0,-1.0,loss,
enhanced_gbm,2022_03_LV_TEN,2022,3,moneyline,LV,False,,75.84802042646486,Moderate,False,-130.0,1.0,-1.0,loss,0.1932628129603008
enhanced_gbm,2022_03_LV_TEN,2022,3,total,LV,False,under,75.84802042646486,Moderate,False,-110.0,1.0,-1.0,loss,
enhanced_gbm,2022_03_PHI_WAS,2022,3,ats,PHI,False,,93.66799360863756,Elite,True,102.0,1.0,1.02,win,
enhanced_gbm,2022_03_PHI_WAS,2022,3,moneyline,PHI,False,,93.66799360863756,Elite,True,-240.0,1.0,0.4166666666666667,win,0.23079758314519905
enhanced_gbm,2022_03_PHI_WAS,2022,3,total,PHI,False,over,93.66799360863756,Elite,True,-110.0,1.0,-1.0,loss,
enhanced_gbm,2022_03_JAX_LAC,2022,3,ats,LAC,True,,76.18508468147108,Moderate,False,-104.0,1.0,-1.0,loss,
enhanced_gbm,2022_03_JAX_LAC,2022,3,moneyline,LAC,True,,76.18508468147108,Moderate,False,-252.0,1.0,-1.0,loss,0.045941755905619885
enhanced_gbm,2022_03_JAX_LAC,2022,3,total,LAC,True,over,76.18508468147108,Moderate,False,-110.0,1.0,0.9090909090909091,win,
enhanced_gbm,2022_03_SF_DEN,2022,3,ats,SF,False,,76.86785246334074,Moderate,True,-102.0,1.0,-1.0,loss,
enhanced_gbm,2022_03_SF_DEN,2022,3,moneyline,SF,False,,76.86785246334074,Moderate,True,-110.0,1.0,-1.0,loss,0.24486900082388352
enhanced_gbm,2022_03_SF_DEN,2022,3,total,SF,False,under,76.86785246334074,Moderate,True,-110.0,1.0,0.9090909090909091,win,
enhanced_gbm,2022_03_DAL_NYG,2022,3,ats,NYG,True,,85.97415491763883,Strong,False,-113.0,1.0,-1.0,loss,
enhanced_gbm,2022_03_DAL_NYG,2022,3,moneyline,NYG,True,,85.97415491763883,Strong,False,-120.0,1.0,-1.0,loss,0.31428700372184293
enhanced_gbm,2022_03_DAL_NYG,2022,3,total,NYG,True,over,85.97415491763883,Strong,False,-110.0,1.0,0.9090909090909091,win,
enhanced_gbm,2022_04_MIN_NO,2022,4,ats,MIN,False,,97.89006481921325,Elite,False,-103.0,1.0,-1.0,loss,
enhanced_gbm,2022_04_MIN_NO,2022,4,moneyline,MIN,False,,97.89006481921325,Elite,False,-199.0,1.0,0.5025125628140703,win,0.3133488087272496
enhanced_gbm,2022_04_MIN_NO,2022,4,total,MIN,False,under,97.89006481921325,Elite,False,-110.0,1.0,-1.0,loss,
enhanced_gbm,2022_04_LAC_HOU,2022,4,ats,LAC,False,,92.58211918286271,Elite,True,-106.0,1.0,0.9433962264150944,win,
enhanced_gbm,2022_04_LAC_HOU,2022,4,moneyline,LAC,False,,92.58211918286271,Elite,True,-234.0,1.0,0.42735042735042733,win,0.22522238943341755
enhanced_gbm,2022_04_LAC_HOU,2022,4,total,LAC,False,under,92.58211918286271,Elite,True,-110.0,1.0,-1.0,loss,
enhanced_gbm,2022_04_SEA_DET,2022,4,ats,DET,True,,73.64578548638076,Moderate,False,-113.0,1.0,-1.0,loss,
enhanced_gbm,2022_04_SEA_DET,2022,4,moneyline,DET,True,,73.64578548638076,Moderate,False,-169.0,1.0,-1.0,loss,0.10820506675971842
enhanced_gbm,2022_04_SEA_DET,2022,4,total,DET,True,over,73.64578548638076,Moderate,False,-110.0,1.0,0.9090909090909091,win,
enhanced_gbm,2022_04_ARI_CAR,2022,4,ats,ARI,False,,71.21569756111545,Moderate,False,-104.0,1.0,0.9615384615384616,win,
enhanced_gbm,2022_04_ARI_CAR,2022,4,moneyline,ARI,False,,71.21569756111545,Moderate,False,102.0,1.0,1.02,win,0.2171074706606595
enhanced_gbm,2022_04_ARI_CAR,2022,4,total,ARI,False,over,71.21569756111545,Moderate,False,-110.0,1.0,-1.0,loss,
enhanced_gbm,2022_04_DEN_LV,2022,4,ats,LV,True,,81.09917056326155,Strong,False,-109.0,1.0,0.9174311926605505,win,
enhanced_gbm,2022_04_DEN_LV,2022,4,moneyline,LV,True,,81.09917056326155,Strong,False,-137.0,1.0,0.7299270072992701,win,0.23293263390265773
enhanced_gbm,2022_04_DEN_LV,2022,4,total,LV,True,under,81.09917056326155,Strong,False,-110.0,1.0,-1.0,loss,
enhanced_gbm,2022_04_NE_GB,2022,4,ats,GB,True,,94.04741235109235,Elite,True,109.0,1.0,-1.0,loss,
enhanced_gbm,2022_04_NE_GB,2022,4,moneyline,GB,True,,94.04741235109235,Elite,True,-435.0,1.0,0.22988505747126436,win,0.12739001136139083
enhanced_gbm,2022_04_NE_GB,2022,4,total,GB,True,under,94.04741235109235,Elite,True,-110.0,1.0,-1.0,loss,
enhanced_gbm,2022_04_KC_TB,2022,4,ats,KC,False,,87.42608507924675,Strong,False,107.0,1.0,1.07,win,
enhanced_gbm,2022_04_KC_TB,2022,4,moneyline,KC,False,,87.42608507924675,Strong,False,113.0,1.0,1.13,win,0.40477728271735003
enhanced_gbm,2022_04_KC_TB,2022,4,total,KC,False,under,87.42608507924675,Strong,False,-110.0,1.0,-1.0,loss,
enhanced_gbm,2022_04_LA_SF,2022,4,ats,LA,False,,79.99434090289785,Moderate,False,106.0,1.0,-1.0,loss,
enhanced_gbm,2022_04_LA_SF,2022,4,moneyline,LA,False,,79.99434090289785,Moderate,False,112.0,1.0,-1.0,loss,0.32824529582143136
enhanced_gbm,2022_04_LA_SF,2022,4,total,LA,False,under,79.99434090289785,Moderate,False,-110.0,1.0,0.9090909090909091,win,
enhanced_gbm,2022_05_IND_DEN,2022,5,ats,DEN,True,,76.02816967167101,Moderate,False,104.0,1.0,-1.0,loss,
enhanced_gbm,2022_05_IND_DEN,2022,5,moneyline,DEN,True,,76.02816967167101,Moderate,False,-178.0,1.0,-1.0,loss,0.11999392693253741
enhanced_gbm,2022_05_IND_DEN,2022,5,total,DEN,True,under,76.02816967167101,Moderate,False,-110.0,1.0,0.9090909090909091,win,
enhanced_gbm,2022_05_NYG_GB,2022,5,ats,GB,True,,98.6942020308736,Elite,True,-115.0,1.0,-1.0,loss,
enhanced_gbm,2022_05_NYG_GB,2022,5,moneyline,GB,True,,98.6942020308736,Elite,True,-397.0,1.0,-1.0,loss,0.18814926376950059
enhanced_gbm,2022_05_NYG_GB,2022,5,total,GB,True,under,98.6942020308736,Elite,True,-110.0,1.0,-1.0,loss,
enhanced_gbm,2022_05_ATL_TB,2022,5,ats,TB,True,,73.00091842718727,Moderate,True,102.0,1.0,-1.0,loss,
enhanced_gbm,2022_05_ATL_TB,2022,5,total,TB,True,under,73.00091842718727,Moderate,True,-110.0,1.0,0.9090909090909091,win,
enhanced_gbm,2022_05_CHI_MIN,2022,5,ats,MIN,True,,98.62513512478051,Elite,False,105.0,1.0,-1.0,loss,
enhanced_gbm,2022_05_CHI_MIN,2022,5,moneyline,MIN,True,,98.62513512478051,Elite,False,-385.0,1.0,0.2597402597402597,win,0.1924369182581145
enhanced_gbm,2022_05_CHI_MIN,2022,5,total,MIN,True,under,98.62513512478051,Elite,False,-110.0,1.0,-1.0,loss,
enhanced_gbm,2022_05_LAC_CLE,2022,5,ats,LAC,False,,71.93768556319003,Moderate,False,-106.0,1.0,0.9433962264150944,win,
enhanced_gbm,2022_05_LAC_CLE,2022,5,moneyline,LAC,False,,71.93768556319003,Moderate,False,-114.0,1.0,0.8771929824561403,win,0.1866665752580685
enhanced_gbm,2022_05_LAC_CLE,2022,5,total,LAC,False,over,71.93768556319003,Moderate,False,-110.0,1.0,0.9090909090909091,win,
enhanced_gbm,2022_05_PIT_BUF,2022,5,ats,BUF,True,,97.01177854796981,Elite,True,-102.0,1.0,0.9803921568627451,win,
enhanced_gbm,2022_05_PIT_BUF,2022,5,moneyline,BUF,True,,97.01177854796981,Elite,True,-749.0,1.0,0.13351134846461948,win,0.08790341563281945
enhanced_gbm,2022_05_PIT_BUF,2022,5,total,BUF,True,under,97.01177854796981,Elite,True,-110.0,1.0,0.9090909090909091,win,
enhanced_gbm,2022_05_SF_CAR,2022,5,ats,SF,False,,82.20352923244677,Strong,True,-102.0,1.0,0.9803921568627451,win,
enhanced_gbm,2022_05_SF_CAR,2022,5,moneyline,SF,False,,82.20352923244677,Strong,True,-234.0,1.0,0.42735042735042733,win,0.12143648992925815
enhanced_gbm,2022_05_SF_CAR,2022,5,total,SF,False,under,82.20352923244677,Strong,True,-110.0,1.0,-1.0,loss,
enhanced_gbm,2022_05_DAL_LA,2022,5,ats,LA,True,,80.50012129106645,Strong,False,102.0,1.0,-1.0,loss,
enhanced_gbm,2022_05_DAL_LA,2022,5,moneyline,LA,True,,80.50012129106645,Strong,False,-220.0,1.0,-1.0,loss,0.11750121291066451
enhanced_gbm,2022_05_DAL_LA,2022,5,total,LA,True,under,80.50012129106645,Strong,False,-110.0,1.0,0.9090909090909091,win,
enhanced_gbm,2022_05_LV_KC,2022,5,ats,KC,True,,96.84131099890068,Elite,True,113.0,1.0,-1.0,loss,
enhanced_gbm,2022_05_LV_KC,2022,5,moneyline,KC,True,,96.84131099890068,Elite,True,-321.0,1.0,0.3115264797507788,win,0.2059428012004082
enhanced_gbm,2022_05_LV_KC,2022,5,total,KC,True,over,96.84131099890068,Elite,True,-110.0,1.0,0.9090909090909091,win,
enhanced_gbm,2022_06_WAS_CHI,2022,6,ats,CHI,True,,75.37070272147479,Moderate,False,102.0,1.0,-1.0,loss,
enhanced_gbm,2022_06_WAS_CHI,2022,6,moneyline,CHI,True,,75.37070272147479,Moderate,False,109.0,1.0,-1.0,loss,0.2752381276932168
enhanced_gbm,2022_06_WAS_CHI,2022,6,total,CHI,True,over,75.37070272147479,Moderate,False,-110.0,1.0,-1.0,loss,
enhanced_gbm,2022_06_BAL_NYG,2022,6,ats,BAL,False,,74.06027080381973,Moderate,True,-107.0,1.0,-1.0,loss,
enhanced_gbm,2022_06_BAL_NYG,2022,6,moneyline,BAL,False,,74.06027080381973,Moderate,True,-234.0,1.0,-1.0,loss,0.040003905642987836
enhanced_gbm,2022_06_CIN_NO,2022,6,ats,CIN,False,,85.7895818170178,Strong,False,-110.0,1.0,0.9090909090909091,win,
enhanced_gbm,2022_06_CIN_NO,2022,6,moneyline,CIN,False,,85.7895818170178,Strong,False,-164.0,1.0,0.6097560975609756,win,0.2366836969580568
enhanced_gbm,2022_06_CIN_NO,2022,6,total,CIN,False,over,85.7895818170178,Strong,False,-110.0,1.0,0.9090909090909091,win,
enhanced_gbm,2022_06_JAX_IND,2022,6,ats,JAX,False,,84.56491220279531,Strong,True,103.0,1.0,-1.0,loss,
enhanced_gbm,2022_06_JAX_IND,2022,6,moneyline,JAX,False,,84.56491220279531,Strong,True,110.0,1.0,-1.0,loss,0.369458645837477
enhanced_gbm,2022_06_JAX_IND,2022,6,total,JAX,False,under,84.56491220279531,Strong,True,-110.0,1.0,-1.0,loss,
enhanced_gbm,2022_06_MIN_MIA,2022,6,ats,MIN,False,,92.17094329220447,Elite,False,-120.0,1.0,0.8333333333333334,win,
enhanced_gbm,2022_06_MIN_MIA,2022,6,moneyline,MIN,False,,92.17094329220447,Elite,False,-175.0,1.0,0.5714285714285714,win,0.2853457965584083
enhanced_gbm,2022_06_MIN_MIA,2022,6,total,MIN,False,over,92.17094329220447,Elite,False,-110.0,1.0,-1.0,loss,
enhanced_gbm,2022_06_NYJ_GB,2022,6,ats,GB,True,,96.37593228418547,Elite,True,-109.0,1.0,-1.0,loss,
enhanced_gbm,2022_06_NYJ_GB,2022,6,moneyline,GB,True,,96.37593228418547,Elite,True,-362.0,1.0,-1.0,loss,0.18020953929207117
enhanced_gbm,2022_06_NYJ_GB,2022,6,total,GB,True,under,96.37593228418547,Elite,True,-110.0,1.0,0.9090909090909091,win,
enhanced_gbm,2022_06_TB_PIT,2022,6,ats,TB,False,,93.99105701757915,Elite,True,103.0,1.0,-1.0,loss,
enhanced_gbm,2022_06_TB_PIT,2022,6,moneyline,TB,False,,93.99105701757915,Elite,True,-386.0,1.0,-1.0,loss,0.14567188704821943
enhanced_gbm,2022_06_TB_PIT,2022,6,total,TB,False,under,93.99105701757915,Elite,True,-110.0,1.0,0.9090909090909091,win,
enhanced_gbm,2022_06_ARI_SEA,2022,6,ats,ARI,False,,71.8027911615143,Moderate,False,-106.0,1.0,-1.0,loss,
enhanced_gbm,2022_06_ARI_SEA,2022,6,moneyline,ARI,False,,71.8027911615143,Moderate,False,-136.0,1.0,-1.0,loss,0.14175672517446514
enhanced_gbm,2022_06_CAR_LA,2022,6,ats,LA,True,,90.52199352773383,Elite,True,102.0,1.0,1.02,win,
enhanced_gbm,2022_06_CAR_LA,2022,6,moneyline,LA,True,,90.52199352773383,Elite,True,-413.0,1.0,0.24213075060532688,win,0.10015170915648053
enhanced_gbm,2022_06_DEN_LAC,2022,6,ats,LAC,True,,78.30030349074035,Moderate,True,-107.0,1.0,-1.0,loss,
enhanced_gbm,2022_06_DEN_LAC,2022,6,moneyline,LAC,True,,78.30030349074035,Moderate,True,-186.0,1.0,0.5376344086021505,win,0.13265338455775322
enhanced_gbm,2022_06_DEN_LAC,2022,6,total,LAC,True,under,78.30030349074035,Moderate,True,-110.0,1.0,0.9090909090909091,win,
enhanced_gbm,2022_07_NO_ARI,2022,7,ats,ARI,True,,74.18296870447614,Moderate,False,-109.0,1.0,0.9174311926605505,win,
enhanced_gbm,2022_07_NO_ARI,2022,7,moneyline,ARI,True,,74.18296870447614,Moderate,False,-140.0,1.0,0.7142857142857143,win,0.158496353711428
enhanced_gbm,2022_07_NO_ARI,2022,7,total,ARI,True,over,74.18296870447614,Moderate,False,-110.0,1.0,0.9090909090909091,win,
enhanced_gbm,2022_07_GB_WAS,2022,7,ats,GB,False,,84.72139941674658,Strong,False,-102.0,1.0,-1.0,loss,
enhanced_gbm,2022_07_GB_WAS,2022,7,moneyline,GB,False,,84.72139941674658,Strong,False,-195.0,1.0,-1.0,loss,0.1861970450149234
enhanced_gbm,2022_07_GB_WAS,2022,7,total,GB,False,under,84.72139941674658,Strong,False,-110.0,1.0,-1.0,loss,
enhanced_gbm,2022_07_IND_TEN,2022,7,ats,TEN,True,,72.71677248653849,Moderate,True,-108.0,1.0,0.9259259259259259,win,
enhanced_gbm,2022_07_IND_TEN,2022,7,moneyline,TEN,True,,72.71677248653849,Moderate,True,-143.0,1.0,0.6993006993006993,win,0.13869035861024082
enhanced_gbm,2022_07_IND_TEN,2022,7,total,TEN,True,under,72.71677248653849,Moderate,True,-110.0,1.0,0.9090909090909091,win,
enhanced_gbm,2022_07_NYG_JAX,2022,7,ats,NYG,False,,88.96572907912481,Strong,False,102.0,1.0,1.02,win,
enhanced_gbm,2022_07_NYG_JAX,2022,7,moneyline,NYG,False,,88.96572907912481,Strong,False,148.0,1.0,1.48,win,0.48643148433963523
enhanced_gbm,2022_07_NYG_JAX,2022,7,total,NYG,False,under,88.96572907912481,Strong,False,-110.0,1.0,0.9090909090909091,win,
enhanced_gbm,2022_07_TB_CAR,2022,7,ats,TB,False,,94.06619550367414,Elite,True,-103.0,1.0,-1.0,loss,
enhanced_gbm,2022_07_TB_CAR,2022,7,moneyline,TB,False,,94.06619550367414,Elite,True,-680.0,1.0,-1.0,loss,0.06886708324186952
enhanced_gbm,2022_07_HOU_LV,2022,7,ats,LV,True,,70.31496930240282,Moderate,True,-115.0,1.0,0.8695652173913043,win,
enhanced_gbm,2022_07_HOU_LV,2022,7,total,LV,True,under,70.31496930240282,Moderate,True,-110.0,1.0,-1.0,loss,
enhanced_gbm,2022_07_NYJ_DEN,2022,7,ats,NYJ,False,,85.34027629981367,Strong,False,-106.0,1.0,0.9433962264150944,win,
enhanced_gbm,2022_07_NYJ_DEN,2022,7,moneyline,NYJ,False,,85.34027629981367,Strong,False,-127.0,1.0,0.7874015748031497,win,0.29393139735937013
enhanced_gbm,2022_07_NYJ_DEN,2022,7,total,NYJ,False,over,85.34027629981367,Strong,False,-110.0,1.0,-1.0,loss,
enhanced_gbm,2022_07_KC_SF,2022,7,ats,KC,False,,73.20507670159553,Moderate,False,102.0,1.0,1.02,win,
enhanced_gbm,2022_07_KC_SF,2022,7,moneyline,KC,False,,73.20507670159553,Moderate,False,-106.0,1.0,0.9433962264150944,win,0.21748766021983879
enhanced_gbm,2022_07_KC_SF,2022,7,total,KC,False,under,73.20507670159553,Moderate,False,-110.0,1.0,-1.0,loss,
enhanced_gbm,2022_07_SEA_LAC,2022,7,ats,LAC,True,,74.82696927549644,Moderate,True,101.0,1.0,-1.0,loss,
enhanced_gbm,2022_07_SEA_LAC,2022,7,moneyline,LAC,True,,74.82696927549644,Moderate,True,-219.0,1.0,-1.0,loss,0.061749316579415736
enhanced_gbm,2022_07_SEA_LAC,2022,7,total,LAC,True,under,74.82696927549644,Moderate,True,-110.0,1.0,-1.0,loss,
enhanced_gbm,2022_07_PIT_MIA,2022,7,ats,MIA,True,,94.19313748652137,Elite,False,108.0,1.0,-1.0,loss,
enhanced_gbm,2022_07_PIT_MIA,2022,7,moneyline,MIA,True,,94.19313748652137,Elite,False,-297.0,1.0,0.3367003367003367,win,0.1938205436309568
enhanced_gbm,2022_07_CHI_NE,2022,7,ats,NE,True,,97.37016309783833,Elite,False,-100.0,1.0,-1.0,loss,
enhanced_gbm,2022_07_CHI_NE,2022,7,moneyline,NE,True,,97.37016309783833,Elite,False,-392.0,1.0,-1.0,loss,0.17695366349870845
enhanced_gbm,2022_07_CHI_NE,2022,7,total,NE,True,under,97.37016309783833,Elite,False,-110.0,1.0,-1.0,loss,
enhanced_gbm,2022_08_ARI_MIN,2022,8,ats,MIN,True,,78.97655130385756,Moderate,False,-105.0,1.0,0.9523809523809523,win,
enhanced_gbm,2022_08_ARI_MIN,2022,8,moneyline,MIN,True,,78.97655130385756,Moderate,False,-199.0,1.0,0.5025125628140703,win,0.12421367357369273
enhanced_gbm,2022_08_ARI_MIN,2022,8,total,MIN,True,under,78.97655130385756,Moderate,False,-110.0,1.0,-1.0,loss,
enhanced_gbm,2022_08_CHI_DAL,2022,8,ats,DAL,True,,89.22938932058584,Strong,True,109.0,1.0,1.09,win,
enhanced_gbm,2022_08_CHI_DAL,2022,8,moneyline,DAL,True,,89.22938932058584,Strong,True,-430.0,1.0,0.23255813953488372,win,0.08097313848887722
enhanced_gbm,2022_08_CHI_DAL,2022,8,total,DAL,True,under,89.22938932058584,Strong,True,-110.0,1.0,-1.0,loss,
enhanced_gbm,2022_08_LV_NO,2022,8,ats,LV,False,,81.67339806897218,Strong,False,-111.0,1.0,-1.0,loss,
enhanced_gbm,2022_08_LV_NO,2022,8,moneyline,LV,False,,81.67339806897218,Strong,False,-119.0,1.0,-1.0,loss,0.2733549852559317
enhanced_gbm,2022_08_LV_NO,2022,8,total,LV,False,over,81.67339806897218,Strong,False,-110.0,1.0,-1.0,loss,
enhanced_gbm,2022_08_MIA_DET,2022,8,ats,MIA,False,,79.09851811321556,Moderate,True,-112.0,1.0,0.8928571428571429,win,
enhanced_gbm,2022_08_MIA_DET,2022,8,moneyline,MIA,False,,79.09851811321556,Moderate,True,-190.0,1.0,0.5263157894736842,win,0.13581276733905223
enhanced_gbm,2022_08_MIA_DET,2022,8,total,MIA,False,under,79.09851811321556,Moderate,True,-110.0,1.0,-1.0,loss,
enhanced_gbm,2022_08_NE_NYJ,2022,8,ats,NE,False,,70.88030852782474,Moderate,False,-103.0,1.0,0.970873786407767,win,
enhanced_gbm,2022_08_NE_NYJ,2022,8,moneyline,NE,False,,70.88030852782474,Moderate,False,-155.0,1.0,0.6451612903225806,win,0.10095994802334551
enhanced_gbm,2022_08_NE_NYJ,2022,8,total,NE,False,over,70.88030852782474,Moderate,False,-110.0,1.0,-1.0,loss,
enhanced_gbm,2022_08_PIT_PHI,2022,8,ats,PHI,True,,87.16307479624878,Strong,True,-112.0,1.0,0.8928571428571429,win,
enhanced_gbm,2022_08_PIT_PHI,2022,8,moneyline,PHI,True,,87.16307479624878,Strong,True,-490.0,1.0,0.20408163265306123,win,0.041122273386216546
enhanced_gbm,2022_08_PIT_PHI,2022,8,total,PHI,True,under,87.16307479624878,Strong,True,-110.0,1.0,-1.0,loss,
enhanced_gbm,2022_08_SF_LA,2022,8,ats,SF,False,,84.1077528369266,Strong,False,103.0,1.0,1.03,win,
enhanced_gbm,2022_08_SF_LA,2022,8,moneyline,SF,False,,84.1077528369266,Strong,False,-104.0,1.0,0.9615384615384616,win,0.33127360680063855
enhanced_gbm,2022_08_SF_LA,2022,8,total,SF,False,under,84.1077528369266,Strong,False,-110.0,1.0,-1.0,loss,
enhanced_gbm,2022_08_GB_BUF,2022,8,ats,BUF,True,,83.49578947083887,Strong,True,100.0,1.0,-1.0,loss,
enhanced_gbm,2022_08_GB_BUF,2022,8,moneyline,BUF,True,,83.49578947083887,Strong,True,-445.0,1.0,0.2247191011235955,win,0.018444133240498872
enhanced_gbm,2022_08_GB_BUF,2022,8,total,BUF,True,under,83.49578947083887,Strong,True,-110.0,1.0,0.9090909090909091,win,
enhanced_gbm,2022_08_CIN_CLE,2022,8,ats,CLE,True,,79.9132161902128,Moderate,False,102.0,1.0,1.02,win,
enhanced_gbm,2022_08_CIN_CLE,2022,8,moneyline,CLE,True,,79.9132161902128,Moderate,False,147.0,1.0,1.47,win,0.3942738623069863
enhanced_gbm,2022_08_CIN_CLE,2022,8,total,CLE,True,over,79.9132161902128,Moderate,False,-110.0,1.0,0.0,push,
enhanced_gbm,2022_09_BUF_NYJ,2022,9,ats,BUF,False,,70.52524324380195,Moderate,True,103.0,1.0,-1.0,loss,
enhanced_gbm,2022_09_BUF_NYJ,2022,9,total,BUF,False,under,70.52524324380195,Moderate,True,-110.0,1.0,0.9090909090909091,win,
enhanced_gbm,2022_09_GB_DET,2022,9,ats,GB,False,,83.55786541261187,Strong,True,-107.0,1.0,-1.0,loss,
enhanced_gbm,2022_09_GB_DET,2022,9,moneyline,GB,False,,83.55786541261187,Strong,True,-191.0,1.0,-1.0,loss,0.17922126580996756
enhanced_gbm,2022_09_GB_DET,2022,9,total,GB,False,under,83.55786541261187,Strong,True,-110.0,1.0,0.9090909090909091,win,
enhanced_gbm,2022_09_LV_JAX,2022,9,ats,LV,False,,72.18740745453917,Moderate,False,-102.0,1.0,-1.0,loss,
enhanced_gbm,2022_09_LV_JAX,2022,9,moneyline,LV,False,,72.18740745453917,Moderate,False,-129.0,1.0,-1.0,loss,0.15855529725281536
enhanced_gbm,2022_09_LV_JAX,2022,9,total,LV,False,under,72.18740745453917,Moderate,False,-110.0,1.0,0.9090909090909091,win,
enhanced_gbm,2022_09_MIN_WAS,2022,9,ats,MIN,False,,74.15573815385936,Moderate,False,-119.0,1.0,0.0,push,
enhanced_gbm,2022_09_MIN_WAS,2022,9,moneyline,MIN,False,,74.15573815385936,Moderate,False,-169.0,1.0,0.591715976331361,win,0.11330459343450439
enhanced_gbm,2022_09_MIN_WAS,2022,9,total,MIN,False,under,74.15573815385936,Moderate,False,-110.0,1.0,0.9090909090909091,win,
enhanced_gbm,2022_09_TEN_KC,2022,9,ats,KC,True,,96.20798020917475,Elite,True,-103.0,1.0,-1.0,loss,
enhanced_gbm,2022_09_TEN_KC,2022,9,moneyline,KC,True,,96.20798020917475,Elite,True,-689.0,1.0,0.14513788098693758,win,0.08882251438579059
enhanced_gbm,2022_09_TEN_KC,2022,9,total,KC,True,over,96.20798020917475,Elite,True,-110.0,1.0,-1.0,loss,
enhanced_gbm,2022_09_BAL_NO,2022,9,ats,NO,True,,86.29606033164168,Strong,True,106.0,1.0,-1.0,loss,
enhanced_gbm,2022_09_BAL_NO,2022,9,moneyline,NO,True,,86.29606033164168,Strong,True,112.0,1.0,-1.0,loss,0.3912624901088696
enhanced_gbm,2022_09_BAL_NO,2022,9,total,NO,True,over,86.29606033164168,Strong,True,-110.0,1.0,-1.0,loss,
enhanced_gbm,2022_10_ATL_CAR,2022,10,ats,ATL,False,,70.77930705544928,Moderate,True,-103.0,1.0,-1.0,loss,
enhanced_gbm,2022_10_ATL_CAR,2022,10,moneyline,ATL,False,,70.77930705544928,Moderate,True,-132.0,1.0,-1.0,loss,0.13882755331311347
enhanced_gbm,2022_10_ATL_CAR,2022,10,total,ATL,False,over,70.77930705544928,Moderate,True,-110.0,1.0,-1.0,loss,
enhanced_gbm,2022_10_SEA_TB,2022,10,ats,SEA,False,,72.52675321086592,Moderate,False,103.0,1.0,-1.0,loss,
enhanced_gbm,2022_10_SEA_TB,2022,10,moneyline,SEA,False,,72.52675321086592,Moderate,False,124.0,1.0,-1.0,loss,0.2788389606800878
enhanced_gbm,2022_10_SEA_TB,2022,10,total,SEA,False,under,72.52675321086592,Moderate,False,-110.0,1.0,0.9090909090909091,win,
enhanced_gbm,2022_10_CLE_MIA,2022,10,ats,MIA,True,,79.95973546663467,Moderate,False,-123.0,1.0,0.8130081300813008,win,
enhanced_gbm,2022_10_CLE_MIA,2022,10,moneyline,MIA,True,,79.95973546663467,Moderate,False,-177.0,1.0,0.5649717514124294,win,0.1606081849912565
enhanced_gbm,2022_10_DET_CHI,2022,10,ats,DET,False,,79.26706670866913,Moderate,False,-105.0,1.0,0.9523809523809523,win,
enhanced_gbm,2022_10_DET_CHI,2022,10,moneyline,DET,False,,79.26706670866913,Moderate,False,143.0,1.0,1.43,win,0.38114803334183534
enhanced_gbm,2022_10_JAX_KC,2022,10,ats,KC,True,,80.12250418434344,Strong,True,109.0,1.0,0.0,push,
enhanced_gbm,2022_10_JAX_KC,2022,10,moneyline,KC,True,,80.12250418434344,Strong,True,-399.0,1.0,0.2506265664160401,win,0.00162584344664074
enhanced_gbm,2022_10_JAX_KC,2022,10,total,KC,True,under,80.12250418434344,Strong,True,-110.0,1.0,0.9090909090909091,win,
enhanced_gbm,2022_10_MIN_BUF,2022,10,ats,BUF,True,,77.6218308874468,Moderate,False,-106.0,1.0,-1.0,loss,
enhanced_gbm,2022_10_MIN_BUF,2022,10,moneyline,BUF,True,,77.6218308874468,Moderate,False,-264.0,1.0,-1.0,loss,0.050943583599742825
enhanced_gbm,2022_10_MIN_BUF,2022,10,total,BUF,True,under,77.6218308874468,Moderate,False,-110.0,1.0,-1.0,loss,
enhanced_gbm,2022_10_NO_PIT,2022,10,ats,PIT,True,,80.56039916928921,Strong,False,-107.0,1.0,0.9345794392523364,win,
enhanced_gbm,2022_10_NO_PIT,2022,10,moneyline,PIT,True,,80.56039916928921,Strong,False,-116.0,1.0,0.8620689655172413,win,0.268566954655855
enhanced_gbm,2022_10_NO_PIT,2022,10,total,PIT,True,over,80.56039916928921,Strong,False,-110.0,1.0,-1.0,loss,
enhanced_gbm,2022_10_IND_LV,2022,10,ats,LV,True,,77.01749572964877,Moderate,False,101.0,1.0,-1.0,loss,
enhanced_gbm,2022_10_IND_LV,2022,10,moneyline,LV,True,,77.01749572964877,Moderate,False,-199.0,1.0,-1.0,loss,0.10462311783160472
enhanced_gbm,2022_10_ARI_LA,2022,10,ats,LA,True,,74.43375566391617,Moderate,False,-102.0,1.0,-1.0,loss,
enhanced_gbm,2022_10_ARI_LA,2022,10,moneyline,LA,True,,74.43375566391617,Moderate,False,-183.0,1.0,-1.0,loss,0.0976944470985257
enhanced_gbm,2022_10_ARI_LA,2022,10,total,LA,True,over,74.43375566391617,Moderate,False,-110.0,1.0,0.9090909090909091,win,
enhanced_gbm,2022_10_LAC_SF,2022,10,ats,SF,True,,97.57957236122895,Elite,True,-105.0,1.0,-1.0,loss,
enhanced_gbm,2022_10_LAC_SF,2022,10,moneyline,SF,True,,97.57957236122895,Elite,True,-357.0,1.0,0.2801120448179272,win,0.19461410435627202
enhanced_gbm,2022_10_WAS_PHI,2022,10,ats,PHI,True,,89.59168845274726,Strong,True,-103.0,1.0,-1.0,loss,
enhanced_gbm,2022_10_WAS_PHI,2022,10,moneyline,PHI,True,,89.59168845274726,Strong,True,-501.0,1.0,-1.0,loss,0.06230623560900339
enhanced_gbm,2022_10_WAS_PHI,2022,10,total,PHI,True,under,89.59168845274726,Strong,True,-110.0,1.0,-1.0,loss,
enhanced_gbm,2022_11_CAR_BAL,2022,11,ats,BAL,True,,98.91739953387312,Elite,True,106.0,1.0,-1.0,loss,
enhanced_gbm,2022_11_CAR_BAL,2022,11,moneyline,BAL,True,,98.91739953387312,Elite,True,-647.0,1.0,0.1545595054095827,win,0.12304280390633493
enhanced_gbm,2022_11_CAR_BAL,2022,11,total,BAL,True,over,98.91739953387312,Elite,True,-110.0,1.0,-1.0,loss,
enhanced_gbm,2022_11_CLE_BUF,2022,11,ats,BUF,True,,86.49150929970216,Strong,True,-108.0,1.0,0.9259259259259259,win,
enhanced_gbm,2022_11_CLE_BUF,2022,11,moneyline,BUF,True,,86.49150929970216,Strong,True,-353.0,1.0,0.28328611898017,win,0.08566564487340123
enhanced_gbm,2022_11_CLE_BUF,2022,11,total,BUF,True,under,86.49150929970216,Strong,True,-110.0,1.0,-1.0,loss,
enhanced_gbm,2022_11_LA_NO,2022,11,ats,NO,True,,73.20413597885685,Moderate,False,104.0,1.0,1.04,win,
enhanced_gbm,2022_11_LA_NO,2022,11,moneyline,NO,True,,73.20413597885685,Moderate,False,-124.0,1.0,0.8064516129032258,win,0.17846993121713994
enhanced_gbm,2022_11_LA_NO,2022,11,total,NO,True,over,73.20413597885685,Moderate,False,-110.0,1.0,0.9090909090909091,win,
enhanced_gbm,2022_11_NYJ_NE,2022,11,ats,NYJ,False,,72.54748202829188,Moderate,False,-109.0,1.0,-1.0,loss,
enhanced_gbm,2022_11_NYJ_NE,2022,11,moneyline,NYJ,False,,72.54748202829188,Moderate,False,163.0,1.0,-1.0,loss,0.3452466834007895
enhanced_gbm,2022_11_NYJ_NE,2022,11,total,NYJ,False,over,72.54748202829188,Moderate,False,-110.0,1.0,-1.0,loss,
enhanced_gbm,2022_11_WAS_HOU,2022,11,ats,WAS,False,,76.12044688636065,Moderate,True,-100.0,1.0,1.0,win,
enhanced_gbm,2022_11_WAS_HOU,2022,11,moneyline,WAS,False,,76.12044688636065,Moderate,True,-150.0,1.0,0.6666666666666666,win,0.1612044688636065
enhanced_gbm,2022_11_WAS_HOU,2022,11,total,WAS,False,under,76.12044688636065,Moderate,True,-110.0,1.0,0.9090909090909091,win,
enhanced_gbm,2022_11_LV_DEN,2022,11,ats,LV,False,,94.67030879134141,Elite,False,106.0,1.0,1.06,win,
enhanced_gbm,2022_11_LV_DEN,2022,11,moneyline,LV,False,,94.67030879134141,Elite,False,131.0,1.0,1.31,win,0.5138026550129813
enhanced_gbm,2022_11_LV_DEN,2022,11,total,LV,False,under,94.67030879134141,Elite,False,-110.0,1.0,0.9090909090909091,win,
enhanced_gbm,2022_11_DAL_MIN,2022,11,ats,DAL,False,,71.40252857894957,Moderate,False,-115.0,1.0,0.8695652173913043,win,
enhanced_gbm,2022_11_DAL_MIN,2022,11,moneyline,DAL,False,,71.40252857894957,Moderate,False,-131.0,1.0,0.7633587786259542,win,0.14692571868992865
enhanced_gbm,2022_11_DAL_MIN,2022,11,total,DAL,False,under,71.40252857894957,Moderate,False,-110.0,1.0,0.9090909090909091,win,
enhanced_gbm,2022_11_SF_ARI,2022,11,ats,SF,False,,70.64630142488133,Moderate,True,103.0,1.0,1.03,win,
enhanced_gbm,2022_12_BUF_DET,2022,12,ats,BUF,False,,76.576367435257,Moderate,True,105.0,1.0,-1.0,loss,
enhanced_gbm,2022_12_BUF_DET,2022,12,total,BUF,False,under,76.576367435257,Moderate,True,-110.0,1.0,0.9090909090909091,win,
enhanced_gbm,2022_12_NYG_DAL,2022,12,ats,DAL,True,,96.84149134827496,Elite,True,104.0,1.0,-1.0,loss,
enhanced_gbm,2022_12_NYG_DAL,2022,12,moneyline,DAL,True,,96.84149134827496,Elite,True,-441.0,1.0,0.22675736961451248,win,0.15325779703173292
enhanced_gbm,2022_12_NYG_DAL,2022,12,total,DAL,True,under,96.84149134827496,Elite,True,-110.0,1.0,-1.0,loss,
enhanced_gbm,2022_12_ATL_WAS,2022,12,ats,ATL,False,,76.4214475208552,Moderate,False,-110.0,1.0,-1.0,loss,
enhanced_gbm,2022_12_ATL_WAS,2022,12,moneyline,ATL,False,,76.4214475208552,Moderate,False,163.0,1.0,-1.0,loss,0.38398633832642276
enhanced_gbm,2022_12_ATL_WAS,2022,12,total,ATL,False,over,76.4214475208552,Moderate,False,-110.0,1.0,-1.0,loss,
enhanced_gbm,2022_12_CHI_NYJ,2022,12,ats,NYJ,True,,96.18221148939172,Elite,True,-103.0,1.0,0.970873786407767,win,
enhanced_gbm,2022_12_CHI_NYJ,2022,12,moneyline,NYJ,True,,96.18221148939172,Elite,True,-375.0,1.0,0.26666666666666666,win,0.1723484306833909
enhanced_gbm,2022_12_CHI_NYJ,2022,12,total,NYJ,True,over,96.18221148939172,Elite,True,-110.0,1.0,0.9090909090909091,win,
enhanced_gbm,2022_12_CIN_TEN,2022,12,ats,CIN,False,,76.32851053351071,Moderate,False,102.0,1.0,1.02,win,
enhanced_gbm,2022_12_CIN_TEN,2022,12,moneyline,CIN,False,,76.32851053351071,Moderate,False,-105.0,1.0,0.9523809523809523,win,0.25108998338388755
enhanced_gbm,2022_12_DEN_CAR,2022,12,ats,CAR,True,,72.50758502447806,Moderate,False,-101.0,1.0,0.9900990099009901,win,
enhanced_gbm,2022_12_DEN_CAR,2022,12,moneyline,CAR,True,,72.50758502447806,Moderate,False,105.0,1.0,1.05,win,0.23727097219600013
enhanced_gbm,2022_12_HOU_MIA,2022,12,ats,MIA,True,,99.0692927386998,Elite,False,-109.0,1.0,0.9174311926605505,win,
enhanced_gbm,2022_12_HOU_MIA,2022,12,moneyline,MIA,True,,99.0692927386998,Elite,False,-822.0,1.0,0.12165450121654502,win,0.09915279723515413
enhanced_gbm,2022_12_HOU_MIA,2022,12,total,MIA,True,under,99.0692927386998,Elite,False,-110.0,1.0,0.9090909090909091,win,
enhanced_gbm,2022_12_LAC_ARI,2022,12,ats,LAC,False,,75.9777527214899,Moderate,False,-108.0,1.0,-1.0,loss,
enhanced_gbm,2022_12_LAC_ARI,2022,12,moneyline,LAC,False,,75.9777527214899,Moderate,False,-136.0,1.0,0.7352941176470589,win,0.183506340774221
enhanced_gbm,2022_12_LA_KC,2022,12,ats,KC,True,,99.6060556319741,Elite,True,105.0,1.0,-1.0,loss,
enhanced_gbm,2022_12_LA_KC,2022,12,moneyline,KC,True,,99.6060556319741,Elite,True,-1088.0,1.0,0.09191176470588236,win,0.08023564049482512
enhanced_gbm,2022_12_LA_KC,2022,12,total,KC,True,over,99.6060556319741,Elite,True,-110.0,1.0,-1.0,loss,
enhanced_gbm,2022_12_NO_SF,2022,12,ats,SF,True,,94.89932750795795,Elite,True,103.0,1.0,1.03,win,
enhanced_gbm,2022_12_NO_SF,2022,12,moneyline,SF,True,,94.89932750795795,Elite,True,-392.0,1.0,0.25510204081632654,win,0.15224530759990462
enhanced_gbm,2022_12_PIT_IND,2022,12,ats,PIT,False,,89.4029595329114,Strong,False,-110.0,1.0,0.9090909090909091,win,
enhanced_gbm,2022_12_PIT_IND,2022,12,moneyline,PIT,False,,89.4029595329114,Strong,False,116.0,1.0,1.16,win,0.431066632366151
enhanced_gbm,2022_12_PIT_IND,2022,12,total,PIT,False,under,89.4029595329114,Strong,False,-110.0,1.0,-1.0,loss,
enhanced_gbm,2022_13_CLE_HOU,2022,13,ats,CLE,False,,77.90680488799661,Moderate,True,-108.0,1.0,0.9259259259259259,win,
enhanced_gbm,2022_13_CLE_HOU,2022,13,moneyline,CLE,False,,77.90680488799661,Moderate,True,-329.0,1.0,0.303951367781155,win,0.012168281980199258
enhanced_gbm,2022_13_CLE_HOU,2022,13,total,CLE,False,under,77.90680488799661,Moderate,True,-110.0,1.0,0.9090909090909091,win,
enhanced_gbm,2022_13_DEN_BAL,2022,13,ats,BAL,True,,98.62877539890361,Elite,True,112.0,1.0,-1.0,loss,
enhanced_gbm,2022_13_DEN_BAL,2022,13,moneyline,BAL,True,,98.62877539890361,Elite,True,-347.0,1.0,0.2881844380403458,win,0.21000140052147465
enhanced_gbm,2022_13_DEN_BAL,2022,13,total,BAL,True,under,98.62877539890361,Elite,True,-110.0,1.0,0.9090909090909091,win,
enhanced_gbm,2022_13_NYJ_MIN,2022,13,ats,NYJ,False,,70.33297845615736,Moderate,False,-117.0,1.0,-1.0,loss,
enhanced_gbm,2022_13_NYJ_MIN,2022,13,moneyline,NYJ,False,,70.33297845615736,Moderate,False,132.0,1.0,-1.0,loss,0.2722953018029529
enhanced_gbm,2022_13_NYJ_MIN,2022,13,total,NYJ,False,under,70.33297845615736,Moderate,False,-110.0,1.0,-1.0,loss,
enhanced_gbm,2022_13_PIT_ATL,2022,13,ats,PIT,False,,73.51668517954492,Moderate,False,-105.0,1.0,0.9523809523809523,win,
enhanced_gbm,2022_13_PIT_ATL,2022,13,moneyline,PIT,False,,73.51668517954492,Moderate,False,-113.0,1.0,0.8849557522123894,win,0.20465041987056665
enhanced_gbm,2022_13_PIT_ATL,2022,13,total,PIT,False,over,73.51668517954492,Moderate,False,-110.0,1.0,-1.0,loss,
enhanced_gbm,2022_13_SEA_LA,2022,13,ats,SEA,False,,89.38450249378377,Strong,True,107.0,1.0,-1.0,loss,
enhanced_gbm,2022_13_SEA_LA,2022,13,moneyline,SEA,False,,89.38450249378377,Strong,True,-292.0,1.0,0.3424657534246575,win,0.14894706575416417
enhanced_gbm,2022_13_SEA_LA,2022,13,total,SEA,False,over,89.38450249378377,Strong,True,-110.0,1.0,0.9090909090909091,win,
enhanced_gbm,2022_13_IND_DAL,2022,13,ats,DAL,True,,79.5098271014992,Moderate,True,-101.0,1.0,0.9900990099009901,win,
enhanced_gbm,2022_13_IND_DAL,2022,13,total,DAL,True,under,79.5098271014992,Moderate,True,-110.0,1.0,-1.0,loss,
enhanced_gbm,2022_13_NO_TB,2022,13,ats,TB,True,,88.06280411919496,Strong,True,-105.0,1.0,-1.0,loss,
enhanced_gbm,2022_13_NO_TB,2022,13,moneyline,TB,True,,88.06280411919496,Strong,True,-190.0,1.0,0.5263157894736842,win,0.22545562739884628
enhanced_gbm,2022_14_LV_LA,2022,14,ats,LV,False,,87.19277739698177,Strong,False,-112.0,1.0,-1.0,loss,
enhanced_gbm,2022_14_LV_LA,2022,14,moneyline,LV,False,,87.19277739698177,Strong,False,-283.0,1.0,-1.0,loss,0.133024379713943
enhanced_gbm,2022_14_LV_LA,2022,14,total,LV,False,over,87.19277739698177,Strong,False,-110.0,1.0,-1.0,loss,
enhanced_gbm,2022_14_HOU_DAL,2022,14,ats,DAL,True,,98.67030037182987,Elite,True,-115.0,1.0,-1.0,loss,
enhanced_gbm,2022_14_HOU_DAL,2022,14,moneyline,DAL,True,,98.67030037182987,Elite,True,-1365.0,1.0,0.07326007326007326,win,0.05496238938382769
enhanced_gbm,2022_14_HOU_DAL,2022,14,total,DAL,True,under,98.67030037182987,Elite,True,-110.0,1.0,-1.0,loss,
enhanced_gbm,2022_14_MIN_DET,2022,14,ats,MIN,False,,81.82727500088932,Strong,False,-108.0,1.0,-1.0,loss,
enhanced_gbm,2022_14_MIN_DET,2022,14,moneyline,MIN,False,,81.82727500088932,Strong,False,119.0,1.0,-1.0,loss,0.3616517454426831
enhanced_gbm,2022_14_MIN_DET,2022,14,total,MIN,False,under,81.82727500088932,Strong,False,-110.0,1.0,-1.0,loss,
enhanced_gbm,2022_14_NYJ_BUF,2022,14,ats,BUF,True,,88.29009561549897,Strong,True,-102.0,1.0,-1.0,loss,
enhanced_gbm,2022_14_NYJ_BUF,2022,14,moneyline,BUF,True,,88.29009561549897,Strong,True,-398.0,1.0,0.25125628140703515,win,0.08370416900639543
enhanced_gbm,2022_14_NYJ_BUF,2022,14,total,BUF,True,under,88.29009561549897,Strong,True,-110.0,1.0,0.9090909090909091,win,
enhanced_gbm,2022_14_PHI_NYG,2022,14,ats,PHI,False,,90.02348014048704,Elite,True,104.0,1.0,1.04,win,
enhanced_gbm,2022_14_PHI_NYG,2022,14,moneyline,PHI,False,,90.02348014048704,Elite,True,-302.0,1.0,0.33112582781456956,win,0.14899102031034306
enhanced_gbm,2022_14_KC_DEN,2022,14,ats,KC,False,,90.49027359756812,Elite,True,-108.0,1.0,-1.0,loss,
enhanced_gbm,2022_14_KC_DEN,2022,14,moneyline,KC,False,,90.49027359756812,Elite,True,-394.0,1.0,0.25380710659898476,win,0.10733188577325203
enhanced_gbm,2022_14_KC_DEN,2022,14,total,KC,False,under,90.49027359756812,Elite,True,-110.0,1.0,-1.0,loss,
enhanced_gbm,2022_14_NE_ARI,2022,14,ats,ARI,True,,79.36693630905019,Moderate,False,-106.0,1.0,-1.0,loss,
enhanced_gbm,2022_14_NE_ARI,2022,14,moneyline,ARI,True,,79.36693630905019,Moderate,False,113.0,1.0,-1.0,loss,0.3241857950153846
enhanced_gbm,2022_15_SF_SEA,2022,15,ats,SEA,True,,81.11910934105795,Strong,False,104.0,1.0,-1.0,loss,
enhanced_gbm,2022_15_SF_SEA,2022,15,moneyline,SEA,True,,81.11910934105795,Strong,False,152.0,1.0,-1.0,loss,0.4143656965851827
enhanced_gbm,2022_15_SF_SEA,2022,15,total,SEA,True,over,81.11910934105795,Strong,False,-110.0,1.0,-1.0,loss,
enhanced_gbm,2022_15_IND_MIN,2022,15,ats,MIN,True,,71.71060764228693,Moderate,False,-107.0,1.0,-1.0,loss,
enhanced_gbm,2022_15_IND_MIN,2022,15,moneyline,MIN,True,,71.71060764228693,Moderate,False,-188.0,1.0,0.5319148936170213,win,0.06432829864509149
enhanced_gbm,2022_15_IND_MIN,2022,15,total,MIN,True,under,71.71060764228693,Moderate,False,-110.0,1.0,-1.0,loss,
enhanced_gbm,2022_15_DET_NYJ,2022,15,ats,DET,False,,88.8537691780878,Strong,False,-100.0,1.0,1.0,win,
enhanced_gbm,2022_15_DET_NYJ,2022,15,moneyline,DET,False,,88.8537691780878,Strong,False,120.0,1.0,1.2,win,0.4339922372354235
enhanced_gbm,2022_15_DET_NYJ,2022,15,total,DET,False,over,88.8537691780878,Strong,False,-110.0,1.0,-1.0,loss,
enhanced_gbm,2022_15_PHI_CHI,2022,15,ats,PHI,False,,94.80704960822682,Elite,True,-104.0,1.0,-1.0,loss,
enhanced_gbm,2022_15_PHI_CHI,2022,15,moneyline,PHI,False,,94.80704960822682,Elite,True,-386.0,1.0,0.25906735751295334,win,0.15383181295469617
enhanced_gbm,2022_15_ARI_DEN,2022,15,ats,ARI,False,,97.22136151379598,Elite,False,-104.0,1.0,-1.0,loss,
enhanced_gbm,2022_15_ARI_DEN,2022,15,moneyline,ARI,False,,97.22136151379598,Elite,False,110.0,1.0,-1.0,loss,0.4960231389474836
enhanced_gbm,2022_15_ARI_DEN,2022,15,total,ARI,False,over,97.22136151379598,Elite,False,-110.0,1.0,0.9090909090909091,win,
enhanced_gbm,2022_15_LA_GB,2022,15,ats,GB,True,,95.2455455702911,Elite,True,101.0,1.0,1.01,win,
enhanced_gbm,2022_15_LA_GB,2022,15,moneyline,GB,True,,95.2455455702911,Elite,True,-356.0,1.0,0.2808988764044944,win,0.17175370131694612
enhanced_gbm,2022_15_LA_GB,2022,15,total,GB,True,over,95.2455455702911,Elite,True,-110.0,1.0,-1.0,loss,
enhanced_gbm,2022_16_ATL_BAL,2022,16,ats,BAL,True,,70.49101144340992,Moderate,False,-102.0,1.0,0.9803921568627451,win,
enhanced_gbm,2022_16_ATL_BAL,2022,16,total,BAL,True,over,70.49101144340992,Moderate,False,-110.0,1.0,-1.0,loss,
enhanced_gbm,2022_16_BUF_CHI,2022,16,ats,BUF,False,,91.63067024231485,Elite,True,-110.0,1.0,0.9090909090909091,win,
enhanced_gbm,2022_16_BUF_CHI,2022,16,moneyline,BUF,False,,91.63067024231485,Elite,True,-360.0,1.0,0.2777777777777778,win,0.13369800677097454
enhanced_gbm,2022_16_BUF_CHI,2022,16,total,BUF,False,over,91.63067024231485,Elite,True,-110.0,1.0,0.9090909090909091,win,
enhanced_gbm,2022_16_NYG_MIN,2022,16,ats,MIN,True,,77.06437884484788,Moderate,False,-108.0,1.0,-1.0,loss,
enhanced_gbm,2022_16_NYG_MIN,2022,16,moneyline,MIN,True,,77.06437884484788,Moderate,False,-215.0,1.0,0.46511627906976744,win,0.08810410590879625
enhanced_gbm,2022_16_NYG_MIN,2022,16,total,MIN,True,under,77.06437884484788,Moderate,False,-110.0,1.0,-1.0,loss,
enhanced_gbm,2022_16_SEA_KC,2022,16,ats,KC,True,,99.09402866567693,Elite,True,-103.0,1.0,0.970873786407767,win,
enhanced_gbm,2022_16_SEA_KC,2022,16,moneyline,KC,True,,99.09402866567693,Elite,True,-447.0,1.0,0.22371364653243847,win,0.17375564314671443
enhanced_gbm,2022_16_SEA_KC,2022,16,total,KC,True,over,99.09402866567693,Elite,True,-110.0,1.0,-1.0,loss,
enhanced_gbm,2022_16_WAS_SF,2022,16,ats,SF,True,,73.15571895297148,Moderate,False,-103.0,1.0,0.970873786407767,win,
enhanced_gbm,2022_16_WAS_SF,2022,16,total,SF,True,over,73.15571895297148,Moderate,False,-110.0,1.0,0.9090909090909091,win,
enhanced_gbm,2022_16_TB_ARI,2022,16,ats,TB,False,,82.57476628963852,Strong,True,102.0,1.0,-1.0,loss,
enhanced_gbm,2022_16_TB_ARI,2022,16,moneyline,TB,False,,82.57476628963852,Strong,True,-320.0,1.0,0.3125,win,0.06384290099162326
enhanced_gbm,2022_16_TB_ARI,2022,16,total,TB,False,over,82.57476628963852,Strong,True,-110.0,1.0,-1.0,loss,
enhanced_gbm,2022_17_DAL_TEN,2022,17,ats,DAL,False,,78.55612322237064,Moderate,True,-100.0,1.0,0.0,push,
enhanced_gbm,2022_17_DAL_TEN,2022,17,total,DAL,False,over,78.55612322237064,Moderate,True,-110.0,1.0,-1.0,loss,
enhanced_gbm,2022_17_CHI_DET,2022,17,ats,DET,True,,78.72907929218249,Moderate,True,-105.0,1.0,0.9523809523809523,win,
enhanced_gbm,2022_17_CHI_DET,2022,17,moneyline,DET,True,,78.72907929218249,Moderate,True,-219.0,1.0,0.45662100456621,win,0.10077041674627629
enhanced_gbm,2022_17_CHI_DET,2022,17,total,DET,True,under,78.72907929218249,Moderate,True,-110.0,1.0,0.9090909090909091,win,
enhanced_gbm,2022_17_CLE_WAS,2022,17,ats,CLE,False,,86.81212895008966,Strong,False,-101.0,1.0,0.9900990099009901,win,
enhanced_gbm,2022_17_CLE_WAS,2022,17,moneyline,CLE,False,,86.81212895008966,Strong,False,106.0,1.0,1.06,win,0.382684396297013
enhanced_gbm,2022_17_DEN_KC,2022,17,ats,KC,True,,98.27766992613822,Elite,True,104.0,1.0,-1.0,loss,
enhanced_gbm,2022_17_DEN_KC,2022,17,moneyline,KC,True,,98.27766992613822,Elite,True,-711.0,1.0,0.14064697609001406,win,0.10608126153018604
enhanced_gbm,2022_17_DEN_KC,2022,17,total,KC,True,under,98.27766992613822,Elite,True,-110.0,1.0,-1.0,loss,
enhanced_gbm,2022_17_IND_NYG,2022,17,ats,NYG,True,,73.98273437995745,Moderate,True,-105.0,1.0,0.9523809523809523,win,
enhanced_gbm,2022_17_IND_NYG,2022,17,moneyline,NYG,True,,73.98273437995745,Moderate,True,-229.0,1.0,0.4366812227074236,win,0.043778711580729546
enhanced_gbm,2022_17_IND_NYG,2022,17,total,NYG,True,over,73.98273437995745,Moderate,True,-110.0,1.0,0.9090909090909091,win,
enhanced_gbm,2022_17_NYJ_SEA,2022,17,ats,SEA,True,,70.88682132980377,Moderate,False,-105.0,1.0,0.9523809523809523,win,
enhanced_gbm,2022_17_NYJ_SEA,2022,17,moneyline,SEA,True,,70.88682132980377,Moderate,False,102.0,1.0,1.02,win,0.21381870834754257
enhanced_gbm,2022_17_LA_LAC,2022,17,ats,LAC,True,,83.14356408717283,Strong,True,-108.0,1.0,0.9259259259259259,win,
enhanced_gbm,2022_17_LA_LAC,2022,17,moneyline,LAC,True,,83.14356408717283,Strong,True,-283.0,1.0,0.35335689045936397,win,0.09253224661585358
enhanced_gbm,2022_17_LA_LAC,2022,17,total,LAC,True,over,83.14356408717283,Strong,True,-110.0,1.0,-1.0,loss,
enhanced_gbm,2022_17_PIT_BAL,2022,17,ats,BAL,True,,76.77297222680525,Moderate,False,-113.0,1.0,-1.0,loss,
enhanced_gbm,2022_17_PIT_BAL,2022,17,moneyline,BAL,True,,76.77297222680525,Moderate,False,-121.0,1.0,-1.0,loss,0.22021841005085796
enhanced_gbm,2022_17_PIT_BAL,2022,17,total,BAL,True,over,76.77297222680525,Moderate,False,-110.0,1.0,-1.0,loss,
enhanced_gbm,2022_18_KC_LV,2022,18,ats,KC,False,,78.46467979051647,Moderate,True,-105.0,1.0,0.9523809523809523,win,
enhanced_gbm,2022_18_KC_LV,2022,18,total,KC,False,under,78.46467979051647,Moderate,True,-110.0,1.0,0.9090909090909091,win,
enhanced_gbm,2022_18_TEN_JAX,2022,18,ats,TEN,False,,75.99009330133836,Moderate,False,-106.0,1.0,0.9433962264150944,win,
enhanced_gbm,2022_18_TEN_JAX,2022,18,moneyline,TEN,False,,75.99009330133836,Moderate,False,227.0,1.0,-1.0,loss,0.4540905354598669
enhanced_gbm,2022_18_TEN_JAX,2022,18,total,TEN,False,over,75.99009330133836,Moderate,False,-110.0,1.0,-1.0,loss,
enhanced_gbm,2022_18_BAL_CIN,2022,18,ats,CIN,True,,92.23519522422185,Elite,True,-116.0,1.0,0.0,push,
enhanced_gbm,2022_18_BAL_CIN,2022,18,moneyline,CIN,True,,92.23519522422185,Elite,True,-603.0,1.0,0.16583747927031509,win,0.06459946291078189
enhanced_gbm,2022_18_BAL_CIN,2022,18,total,CIN,True,over,92.23519522422185,Elite,True,-110.0,1.0,0.9090909090909091,win,
enhanced_gbm,2022_18_MIN_CHI,2022,18,ats,MIN,False,,96.1788594924972,Elite,False,-104.0,1.0,0.9615384615384616,win,
enhanced_gbm,2022_18_MIN_CHI,2022,18,moneyline,MIN,False,,96.1788594924972,Elite,False,-260.0,1.0,0.38461538461538464,win,0.23956637270274972
enhanced_gbm,2022_18_MIN_CHI,2022,18,total,MIN,False,over,96.1788594924972,Elite,False,-110.0,1.0,-1.0,loss,
enhanced_gbm,2022_18_NE_BUF,2022,18,ats,BUF,True,,97.19951315942622,Elite,True,-115.0,1.0,0.8695652173913043,win,
enhanced_gbm,2022_18_NE_BUF,2022,18,moneyline,BUF,True,,97.19951315942622,Elite,True,-373.0,1.0,0.2680965147453083,win,0.1834116220805201
enhanced_gbm,2022_18_NYJ_MIA,2022,18,ats,MIA,True,,84.18084788034805,Strong,False,-107.0,1.0,0.9345794392523364,win,
enhanced_gbm,2022_18_NYJ_MIA,2022,18,moneyline,MIA,True,,84.18084788034805,Strong,False,-200.0,1.0,0.5,win,0.1751418121368139
enhanced_gbm,2022_18_NYJ_MIA,2022,18,total,MIA,True,over,84.18084788034805,Strong,False,-110.0,1.0,-1.0,loss,
enhanced_gbm,2022_18_TB_ATL,2022,18,ats,TB,False,,73.6849851952291,Moderate,False,-110.0,1.0,-1.0,loss,
enhanced_gbm,2022_18_TB_ATL,2022,18,moneyline,TB,False,,73.6849851952291,Moderate,False,207.0,1.0,-1.0,loss,0.41111695292948974
enhanced_gbm,2022_18_TB_ATL,2022,18,total,TB,False,over,73.6849851952291,Moderate,False,-110.0,1.0,0.9090909090909091,win,
enhanced_gbm,2022_18_ARI_SF,2022,18,ats,SF,True,,99.53738672221523,Elite,True,-111.0,1.0,0.9009009009009009,win,
enhanced_gbm,2022_18_ARI_SF,2022,18,moneyline,SF,True,,99.53738672221523,Elite,True,-1061.0,1.0,0.0942507068803016,win,0.08150651149433141
enhanced_gbm,2022_18_ARI_SF,2022,18,total,SF,True,over,99.53738672221523,Elite,True,-110.0,1.0,0.9090909090909091,win,
enhanced_gbm,2022_18_DAL_WAS,2022,18,ats,DAL,False,,93.09966942826023,Elite,True,-100.0,1.0,-1.0,loss,
enhanced_gbm,2022_18_DAL_WAS,2022,18,moneyline,DAL,False,,93.09966942826023,Elite,True,-320.0,1.0,-1.0,loss,0.16909193237784037
enhanced_gbm,2022_18_DAL_WAS,2022,18,total,DAL,False,over,93.09966942826023,Elite,True,-110.0,1.0,-1.0,loss,
enhanced_gbm,2022_18_LAC_DEN,2022,18,ats,LAC,False,,79.2232386867339,Moderate,False,-104.0,1.0,0.9615384615384616,win,
enhanced_gbm,2022_18_LAC_DEN,2022,18,moneyline,LAC,False,,79.2232386867339,Moderate,False,222.0,1.0,-1.0,loss,0.4816733806561588
enhanced_gbm,2022_18_LAC_DEN,2022,18,total,LAC,False,over,79.2232386867339,Moderate,False,-110.0,1.0,0.9090909090909091,win,
enhanced_gbm,2022_18_NYG_PHI,2022,18,ats,PHI,True,,93.66366217555651,Elite,False,-107.0,1.0,-1.0,loss,
enhanced_gbm,2022_18_NYG_PHI,2022,18,moneyline,PHI,True,,93.66366217555651,Elite,False,-1252.0,1.0,0.07987220447284345,win,0.010601118796985332
enhanced_gbm,2022_18_NYG_PHI,2022,18,total,PHI,True,over,93.66366217555651,Elite,False,-110.0,1.0,-1.0,loss,
enhanced_gbm,2022_18_DET_GB,2022,18,ats,GB,True,,73.53776259917448,Moderate,False,-100.0,1.0,-1.0,loss,
enhanced_gbm,2022_18_DET_GB,2022,18,moneyline,GB,True,,73.53776259917448,Moderate,False,-273.0,1.0,-1.0,loss,0.0034741407370530997
enhanced_gbm,2022_19_SEA_SF,2022,19,ats,SF,True,,98.80262465784485,Elite,False,112.0,1.0,1.12,win,
enhanced_gbm,2022_19_SEA_SF,2022,19,moneyline,SF,True,,98.80262465784485,Elite,False,-447.0,1.0,0.22371364653243847,win,0.1708416030683937
enhanced_gbm,2022_19_SEA_SF,2022,19,total,SF,True,over,98.80262465784485,Elite,False,-110.0,1.0,0.9090909090909091,win,
enhanced_gbm,2022_19_MIA_BUF,2022,19,ats,BUF,True,,98.87699729510405,Elite,True,105.0,1.0,-1.0,loss,
enhanced_gbm,2022_19_MIA_BUF,2022,19,moneyline,BUF,True,,98.87699729510405,Elite,True,-882.0,1.0,0.11337868480725624,win,0.09060296684106084
enhanced_gbm,2022_19_MIA_BUF,2022,19,total,BUF,True,over,98.87699729510405,Elite,True,-110.0,1.0,0.9090909090909091,win,
enhanced_gbm,2022_19_BAL_CIN,2022,19,ats,CIN,True,,72.85175700592764,Moderate,True,-106.0,1.0,-1.0,loss,
enhanced_gbm,2022_19_BAL_CIN,2022,19,total,CIN,True,over,72.85175700592764,Moderate,True,-110.0,1.0,0.9090909090909091,win,
enhanced_gbm,2022_20_JAX_KC,2022,20,ats,KC,True,,93.81125441492765,Elite,True,108.0,1.0,-1.0,loss,
enhanced_gbm,2022_20_JAX_KC,2022,20,moneyline,KC,True,,93.81125441492765,Elite,True,-461.0,1.0,0.21691973969631237,win,0.11636566357886646
enhanced_gbm,2022_20_JAX_KC,2022,20,total,KC,True,under,93.81125441492765,Elite,True,-110.0,1.0,0.9090909090909091,win,
enhanced_gbm,2022_20_NYG_PHI,2022,20,ats,PHI,True,,88.56204258197863,Strong,True,-111.0,1.0,0.9009009009009009,win,
enhanced_gbm,2022_20_NYG_PHI,2022,20,moneyline,PHI,True,,88.56204258197863,Strong,True,-360.0,1.0,0.2777777777777778,win,0.10301173016761234
enhanced_gbm,2022_20_NYG_PHI,2022,20,total,PHI,True,under,88.56204258197863,Strong,True,-110.0,1.0,0.9090909090909091,win,
enhanced_gbm,2022_20_CIN_BUF,2022,20,ats,BUF,True,,85.0511567360747,Strong,True,-103.0,1.0,-1.0,loss,
enhanced_gbm,2022_20_CIN_BUF,2022,20,moneyline,BUF,True,,85.0511567360747,Strong,True,-259.0,1.0,-1.0,loss,0.12906309939417315
enhanced_gbm,2022_20_CIN_BUF,2022,20,total,BUF,True,under,85.0511567360747,Strong,True,-110.0,1.0,0.9090909090909091,win,
enhanced_gbm,2022_20_DAL_SF,2022,20,ats,DAL,False,,93.42776804208741,Elite,False,-107.0,1.0,-1.0,loss,
enhanced_gbm,2022_20_DAL_SF,2022,20,moneyline,DAL,False,,93.42776804208741,Elite,False,164.0,1.0,-1.0,loss,0.5554898016329953
enhanced_gbm,2022_22_KC_PHI,2022,22,ats,PHI,True,,80.40621312338467,Strong,False,-107.0,1.0,-1.0,loss,
enhanced_gbm,2022_22_KC_PHI,2022,22,moneyline,PHI,True,,80.40621312338467,Strong,False,-115.0,1.0,-1.0,loss,0.2691784103036142
enhanced_gbm,2022_22_KC_PHI,2022,22,total,PHI,True,under,80.40621312338467,Strong,False,-110.0,1.0,-1.0,loss,
enhanced_gbm,2023_01_CIN_CLE,2023,1,ats,CIN,False,,92.90240547882159,Elite,True,-105.0,1.0,-1.0,loss,
enhanced_gbm,2023_01_CIN_CLE,2023,1,moneyline,CIN,False,,92.90240547882159,Elite,True,-112.0,1.0,-1.0,loss,0.4007221679957631
enhanced_gbm,2023_01_CIN_CLE,2023,1,total,CIN,False,under,92.90240547882159,Elite,True,-110.0,1.0,0.9090909090909091,win,
enhanced_gbm,2023_01_HOU_BAL,2023,1,ats,BAL,True,,89.1091846949884,Strong,True,-110.0,1.0,0.9090909090909091,win,
enhanced_gbm,2023_01_HOU_BAL,2023,1,moneyline,BAL,True,,89.1091846949884,Strong,True,-500.0,1.0,0.2,win,0.0577585136165506
enhanced_gbm,2023_01_HOU_BAL,2023,1,total,BAL,True,under,89.1091846949884,Strong,True,-110.0,1.0,0.9090909090909091,win,
enhanced_gbm,2023_01_SF_PIT,2023,1,ats,SF,False,,75.60798747420968,Moderate,False,-108.0,1.0,0.9259259259259259,win,
enhanced_gbm,2023_01_SF_PIT,2023,1,moneyline,SF,False,,75.60798747420968,Moderate,False,-120.0,1.0,0.8333333333333334,win,0.2106253292875514
enhanced_gbm,2023_01_SF_PIT,2023,1,total,SF,False,over,75.60798747420968,Moderate,False,-110.0,1.0,-1.0,loss,
enhanced_gbm,2023_01_GB_CHI,2023,1,ats,GB,False,,82.20888963852914,Strong,True,-110.0,1.0,0.9090909090909091,win,
enhanced_gbm,2023_01_GB_CHI,2023,1,moneyline,GB,False,,82.20888963852914,Strong,True,-102.0,1.0,0.9803921568627451,win,0.3171384013357865
enhanced_gbm,2023_01_GB_CHI,2023,1,total,GB,False,over,82.20888963852914,Strong,True,-110.0,1.0,0.9090909090909091,win,
enhanced_gbm,2023_01_LA_SEA,2023,1,ats,SEA,True,,74.73007232168844,Moderate,False,-110.0,1.0,-1.0,loss,
enhanced_gbm,2023_01_LA_SEA,2023,1,moneyline,SEA,True,,74.73007232168844,Moderate,False,-218.0,1.0,-1.0,loss,0.06176613202191594
enhanced_gbm,2023_01_LV_DEN,2023,1,ats,LV,False,,85.04074710539271,Strong,False,-105.0,1.0,0.9523809523809523,win,
enhanced_gbm,2023_01_LV_DEN,2023,1,moneyline,LV,False,,85.04074710539271,Strong,False,136.0,1.0,1.36,win,0.4266786574946051
enhanced_gbm,2023_01_LV_DEN,2023,1,total,LV,False,over,85.04074710539271,Strong,False,-110.0,1.0,-1.0,loss,
enhanced_gbm,2023_01_MIA_LAC,2023,1,ats,LAC,True,,79.71172778318912,Moderate,True,-110.0,1.0,-1.0,loss,
enhanced_gbm,2023_01_MIA_LAC,2023,1,moneyline,LAC,True,,79.71172778318912,Moderate,True,-162.0,1.0,-1.0,loss,0.1787966671448682
enhanced_gbm,2023_01_MIA_LAC,2023,1,total,LAC,True,under,79.71172778318912,Moderate,True,-110.0,1.0,-1.0,loss,
enhanced_gbm,2023_01_PHI_NE,2023,1,ats,PHI,False,,87.43259139280512,Strong,True,-110.0,1.0,0.9090909090909091,win,
enhanced_gbm,2023_01_PHI_NE,2023,1,moneyline,PHI,False,,87.43259139280512,Strong,True,-185.0,1.0,0.5405405405405406,win,0.22520310691050738
enhanced_gbm,2023_01_PHI_NE,2023,1,total,PHI,False,over,87.43259139280512,Strong,True,-110.0,1.0,0.9090909090909091,win,
enhanced_gbm,2023_02_CHI_TB,2023,2,ats,TB,True,,74.41946300541179,Moderate,True,-110.0,1.0,0.9090909090909091,win,
enhanced_gbm,2023_02_CHI_TB,2023,2,moneyline,TB,True,,74.41946300541179,Moderate,True,-135.0,1.0,0.7407407407407407,win,0.16972654494773487
enhanced_gbm,2023_02_CHI_TB,2023,2,total,TB,True,over,74.41946300541179,Moderate,True,-110.0,1.0,0.9090909090909091,win,
enhanced_gbm,2023_02_IND_HOU,2023,2,ats,IND,False,,76.19229963510014,Moderate,False,-105.0,1.0,0.9523809523809523,win,
enhanced_gbm,2023_02_IND_HOU,2023,2,moneyline,IND,False,,76.19229963510014,Moderate,False,-110.0,1.0,0.9090909090909091,win,0.23811347254147763
enhanced_gbm,2023_02_IND_HOU,2023,2,total,IND,False,over,76.19229963510014,Moderate,False,-110.0,1.0,0.9090909090909091,win,
enhanced_gbm,2023_02_KC_JAX,2023,2,ats,KC,False,,75.46022084829754,Moderate,True,-102.0,1.0,0.9803921568627451,win,
enhanced_gbm,2023_02_KC_JAX,2023,2,moneyline,KC,False,,75.46022084829754,Moderate,True,-170.0,1.0,0.5882352941176471,win,0.12497257885334578
enhanced_gbm,2023_02_KC_JAX,2023,2,total,KC,False,under,75.46022084829754,Moderate,True,-110.0,1.0,0.9090909090909091,win,
enhanced_gbm,2023_02_LAC_TEN,2023,2,ats,LAC,False,,70.87862135205505,Moderate,True,-118.0,1.0,-1.0,loss,
enhanced_gbm,2023_02_LAC_TEN,2023,2,moneyline,LAC,False,,70.87862135205505,Moderate,True,-142.0,1.0,-1.0,loss,0.12200935401641821
enhanced_gbm,2023_02_LAC_TEN,2023,2,total,LAC,False,under,70.87862135205505,Moderate,True,-110.0,1.0,-1.0,loss,
enhanced_gbm,2023_02_NYG_ARI,2023,2,ats,NYG,False,,89.39738376418524,Strong,True,-110.0,1.0,-1.0,loss,
enhanced_gbm,2023_02_NYG_ARI,2023,2,moneyline,NYG,False,,89.39738376418524,Strong,True,-225.0,1.0,0.4444444444444444,win,0.20166614533416005
enhanced_gbm,2023_02_NYG_ARI,2023,2,total,NYG,False,over,89.39738376418524,Strong,True,-110.0,1.0,0.9090909090909091,win,
enhanced_gbm,2023_02_SF_LA,2023,2,ats,SF,False,,89.51096499126942,Strong,True,-105.0,1.0,-1.0,loss,
enhanced_gbm,2023_02_SF_LA,2023,2,moneyline,SF,False,,89.51096499126942,Strong,True,-340.0,1.0,0.29411764705882354,win,0.12238237718542144
enhanced_gbm,2023_02_NYJ_DAL,2023,2,ats,DAL,True,,93.05163963488327,Elite,True,-110.0,1.0,0.9090909090909091,win,
enhanced_gbm,2023_02_NYJ_DAL,2023,2,moneyline,DAL,True,,93.05163963488327,Elite,True,-380.0,1.0,0.2631578947368421,win,0.13884972968216613
enhanced_gbm,2023_02_NYJ_DAL,2023,2,total,DAL,True,over,93.05163963488327,Elite,True,-110.0,1.0,0.9090909090909091,win,
enhanced_gbm,2023_02_WAS_DEN,2023,2,ats,WAS,False,,80.41419046476196,Strong,False,-110.0,1.0,0.9090909090909091,win,
enhanced_gbm,2023_02_WAS_DEN,2023,2,moneyline,WAS,False,,80.41419046476196,Strong,False,164.0,1.0,1.64,win,0.4253540258597408
enhanced_gbm,2023_02_WAS_DEN,2023,2,total,WAS,False,over,80.41419046476196,Strong,False,-110.0,1.0,0.9090909090909091,win,
enhanced_gbm,2023_03_NYG_SF,2023,3,ats,SF,True,,76.17997128935217,Moderate,True,-115.0,1.0,0.8695652173913043,win,
enhanced_gbm,2023_03_NYG_SF,2023,3,total,SF,True,over,76.17997128935217,Moderate,True,-110.0,1.0,-1.0,loss,
enhanced_gbm,2023_03_BUF_WAS,2023,3,ats,BUF,False,,87.99855429243571,Strong,True,-115.0,1.0,0.8695652173913043,win,
enhanced_gbm,2023_03_BUF_WAS,2023,3,moneyline,BUF,False,,87.99855429243571,Strong,True,-245.0,1.0,0.40816326530612246,win,0.16984061538812523
enhanced_gbm,2023_03_HOU_JAX,2023,3,ats,JAX,True,,93.83121057175434,Elite,True,-110.0,1.0,-1.0,loss,
enhanced_gbm,2023_03_HOU_JAX,2023,3,moneyline,JAX,True,,93.83121057175434,Elite,True,-380.0,1.0,-1.0,loss,0.1466454390508768
enhanced_gbm,2023_03_HOU_JAX,2023,3,total,JAX,True,over,93.83121057175434,Elite,True,-110.0,1.0,0.9090909090909091,win,
enhanced_gbm,2023_03_IND_BAL,2023,3,ats,BAL,True,,95.16844898720322,Elite,True,-110.0,1.0,-1.0,loss,
enhanced_gbm,2023_03_IND_BAL,2023,3,moneyline,BAL,True,,95.16844898720322,Elite,True,-380.0,1.0,-1.0,loss,0.16001782320536562
enhanced_gbm,2023_03_LAC_MIN,2023,3,ats,LAC,False,,75.00582486970376,Moderate,False,-115.0,1.0,0.8695652173913043,win,
enhanced_gbm,2023_03_LAC_MIN,2023,3,moneyline,LAC,False,,75.00582486970376,Moderate,False,-110.0,1.0,0.9090909090909091,win,0.2262487248875138
enhanced_gbm,2023_03_LAC_MIN,2023,3,total,LAC,False,under,75.00582486970376,Moderate,False,-110.0,1.0,0.9090909090909091,win,
enhanced_gbm,2023_03_NE_NYJ,2023,3,ats,NE,False,,74.63382219519718,Moderate,False,-112.0,1.0,0.8928571428571429,win,
enhanced_gbm,2023_03_NE_NYJ,2023,3,moneyline,NE,False,,74.63382219519718,Moderate,False,-142.0,1.0,0.704225352112676,win,0.15956136244783958
enhanced_gbm,2023_03_NE_NYJ,2023,3,total,NE,False,over,74.63382219519718,Moderate,False,-110.0,1.0,-1.0,loss,
enhanced_gbm,2023_03_NO_GB,2023,3,ats,GB,True,,79.17571861906826,Moderate,False,-110.0,1.0,0.9090909090909091,win,
enhanced_gbm,2023_03_NO_GB,2023,3,moneyline,GB,True,,79.17571861906826,Moderate,False,105.0,1.0,1.05,win,0.3039523081419022
enhanced_gbm,2023_03_NO_GB,2023,3,total,GB,True,under,79.17571861906826,Moderate,False,-110.0,1.0,0.9090909090909091,win,
enhanced_gbm,2023_03_TEN_CLE,2023,3,ats,TEN,False,,85.14598630813954,Strong,False,-110.0,1.0,-1.0,loss,
enhanced_gbm,2023_03_TEN_CLE,2023,3,moneyline,TEN,False,,85.14598630813954,Strong,False,154.0,1.0,-1.0,loss,0.4577590756798206
enhanced_gbm,2023_03_CHI_KC,2023,3,ats,KC,True,,98.86158239282545,Elite,True,-110.0,1.0,0.9090909090909091,win,
enhanced_gbm,2023_03_CHI_KC,2023,3,moneyline,KC,True,,98.86158239282545,Elite,True,-750.0,1.0,0.13333333333333333,win,0.10626288275178397
enhanced_gbm,2023_03_CHI_KC,2023,3,total,KC,True,under,98.86158239282545,Elite,True,-110.0,1.0,-1.0,loss,
enhanced_gbm,2023_03_DAL_ARI,2023,3,ats,DAL,False,,73.02328615821808,Moderate,True,-110.0,1.0,-1.0,loss,
enhanced_gbm,2023_03_DAL_ARI,2023,3,total,DAL,False,over,73.02328615821808,Moderate,True,-110.0,1.0,0.9090909090909091,win,
enhanced_gbm,2023_04_DET_GB,2023,4,ats,GB,True,,77.51227003450202,Moderate,False,-102.0,1.0,-1.0,loss,
enhanced_gbm,2023_04_DET_GB,2023,4,moneyline,GB,True,,77.51227003450202,Moderate,False,120.0,1.0,-1.0,loss,0.32057724579956565
enhanced_gbm,2023_04_DET_GB,2023,4,total,GB,True,over,77.51227003450202,Moderate,False,-110.0,1.0,0.9090909090909091,win,
enhanced_gbm,2023_04_ATL_JAX,2023,4,ats,JAX,True,,94.16761534278686,Elite,False,-110.0,1.0,0.9090909090909091,win,
enhanced_gbm,2023_04_ATL_JAX,2023,4,moneyline,JAX,True,,94.16761534278686,Elite,False,-185.0,1.0,0.5405405405405406,win,0.2925533464103247
enhanced_gbm,2023_04_ATL_JAX,2023,4,total,JAX,True,under,94.16761534278686,Elite,False,-110.0,1.0,0.9090909090909091,win,
enhanced_gbm,2023_04_MIN_CAR,2023,4,ats,MIN,False,,82.31265737056876,Strong,False,-112.0,1.0,0.8928571428571429,win,
enhanced_gbm,2023_04_MIN_CAR,2023,4,moneyline,MIN,False,,82.31265737056876,Strong,False,-225.0,1.0,0.4444444444444444,win,0.13081888139799536
enhanced_gbm,2023_04_MIN_CAR,2023,4,total,MIN,False,over,82.31265737056876,Strong,False,-110.0,1.0,-1.0,loss,
enhanced_gbm,2023_04_PIT_HOU,2023,4,ats,PIT,False,,73.36011693136632,Moderate,False,-110.0,1.0,-1.0,loss,
enhanced_gbm,2023_04_PIT_HOU,2023,4,moneyline,PIT,False,,73.36011693136632,Moderate,False,-162.0,1.0,-1.0,loss,0.11528055862664033
enhanced_gbm,2023_04_PIT_HOU,2023,4,total,PIT,False,over,73.36011693136632,Moderate,False,-110.0,1.0,-1.0,loss,
enhanced_gbm,2023_04_WAS_PHI,2023,4,ats,PHI,True,,74.06571306549972,Moderate,True,-110.0,1.0,-1.0,loss,
enhanced_gbm,2023_04_WAS_PHI,2023,4,total,PHI,True,over,74.06571306549972,Moderate,True,-110.0,1.0,0.9090909090909091,win,
enhanced_gbm,2023_04_ARI_SF,2023,4,ats,SF,True,,91.8078041899575,Elite,True,-112.0,1.0,0.8928571428571429,win,
enhanced_gbm,2023_04_ARI_SF,2023,4,moneyline,SF,True,,91.8078041899575,Elite,True,-1100.0,1.0,0.09090909090909091,win,0.0014113752329083518
enhanced_gbm,2023_04_ARI_SF,2023,4,total,SF,True,over,91.8078041899575,Elite,True,-110.0,1.0,0.9090909090909091,win,
enhanced_gbm,2023_04_NE_DAL,2023,4,ats,DAL,True,,76.40460522608957,Moderate,False,-112.0,1.0,0.8928571428571429,win,
enhanced_gbm,2023_04_NE_DAL,2023,4,moneyline,DAL,True,,76.40460522608957,Moderate,False,-285.0,1.0,0.3508771929824561,win,0.02378631200115544
enhanced_gbm,2023_04_NE_DAL,2023,4,total,DAL,True,under,76.40460522608957,Moderate,False,-110.0,1.0,0.9090909090909091,win,
enhanced_gbm,2023_04_KC_NYJ,2023,4,ats,KC,False,,84.7134664546761,Strong,True,-110.0,1.0,-1.0,loss,
enhanced_gbm,2023_04_KC_NYJ,2023,4,moneyline,KC,False,,84.7134664546761,Strong,True,-485.0,1.0,0.20618556701030927,win,0.018074835486931784
enhanced_gbm,2023_04_KC_NYJ,2023,4,total,KC,False,under,84.7134664546761,Strong,True,-110.0,1.0,-1.0,loss,
enhanced_gbm,2023_05_CHI_WAS,2023,5,ats,WAS,True,,83.81501498025338,Strong,True,-110.0,1.0,-1.0,loss,
enhanced_gbm,2023_05_CHI_WAS,2023,5,moneyline,WAS,True,,83.81501498025338,Strong,True,-258.0,1.0,-1.0,loss,0.1174797587410813
enhanced_gbm,2023_05_CHI_WAS,2023,5,total,WAS,True,over,83.81501498025338,Strong,True,-110.0,1.0,0.9090909090909091,win,
enhanced_gbm,2023_05_JAX_BUF,2023,5,ats,BUF,True,,91.06929717538314,Elite,True,-110.0,1.0,-1.0,loss,
enhanced_gbm,2023_05_JAX_BUF,2023,5,moneyline,BUF,True,,91.06929717538314,Elite,True,-250.0,1.0,-1.0,loss,0.19640725746811716
enhanced_gbm,2023_05_JAX_BUF,2023,5,total,BUF,True,under,91.06929717538314,Elite,True,-110.0,1.0,0.9090909090909091,win,
enhanced_gbm,2023_05_BAL_PIT,2023,5,ats,BAL,False,,70.76673694223521,Moderate,True,-112.0,1.0,-1.0,loss,
enhanced_gbm,2023_05_BAL_PIT,2023,5,moneyline,BAL,False,,70.76673694223521,Moderate,True,-230.0,1.0,-1.0,loss,0.010697672452655071
enhanced_gbm,2023_05_BAL_PIT,2023,5,total,BAL,False,over,70.76673694223521,Moderate,True,-110.0,1.0,-1.0,loss,
enhanced_gbm,2023_05_CAR_DET,2023,5,ats,DET,True,,96.65909514185871,Elite,True,-110.0,1.0,0.9090909090909091,win,
enhanced_gbm,2023_05_CAR_DET,2023,5,moneyline,DET,True,,96.65909514185871,Elite,True,-455.0,1.0,0.21978021978021978,win,0.1467711315987673
enhanced_gbm,2023_05_CAR_DET,2023,5,total,DET,True,over,96.65909514185871,Elite,True,-110.0,1.0,0.9090909090909091,win,
enhanced_gbm,2023_05_NYG_MIA,2023,5,ats,MIA,True,,98.36824234759976,Elite,True,-110.0,1.0,0.9090909090909091,win,
enhanced_gbm,2023_05_NYG_MIA,2023,5,moneyline,MIA,True,,98.36824234759976,Elite,True,-750.0,1.0,0.13333333333333333,win,0.10132948229952699
enhanced_gbm,2023_05_NYG_MIA,2023,5,total,MIA,True,over,98.36824234759976,Elite,True,-110.0,1.0,-1.0,loss,
enhanced_gbm,2023_05_KC_MIN,2023,5,ats,KC,False,,93.72690005314492,Elite,True,-105.0,1.0,0.9523809523809523,win,
enhanced_gbm,2023_05_KC_MIN,2023,5,moneyline,KC,False,,93.72690005314492,Elite,True,-180.0,1.0,0.5555555555555556,win,0.2944118576743062
enhanced_gbm,2023_05_KC_MIN,2023,5,total,KC,False,under,93.72690005314492,Elite,True,-110.0,1.0,0.9090909090909091,win,
enhanced_gbm,2023_05_GB_LV,2023,5,ats,GB,False,,74.9015643183824,Moderate,False,-110.0,1.0,-1.0,loss,
enhanced_gbm,2023_05_GB_LV,2023,5,moneyline,GB,False,,74.9015643183824,Moderate,False,-102.0,1.0,-1.0,loss,0.244065148134319
enhanced_gbm,2023_06_DEN_KC,2023,6,ats,KC,True,,97.0863337427821,Elite,True,-112.0,1.0,0.8928571428571429,win,
enhanced_gbm,2023_06_DEN_KC,2023,6,moneyline,KC,True,,97.0863337427821,Elite,True,-650.0,1.0,0.15384615384615385,win,0.10419667076115435
enhanced_gbm,2023_06_DEN_KC,2023,6,total,KC,True,over,97.0863337427821,Elite,True,-110.0,1.0,-1.0,loss,
enhanced_gbm,2023_06_CAR_MIA,2023,6,ats,MIA,True,,99.44467891816092,Elite,True,-110.0,1.0,0.9090909090909091,win,
enhanced_gbm,2023_06_CAR_MIA,2023,6,moneyline,MIA,True,,99.44467891816092,Elite,True,-1100.0,1.0,0.09090909090909091,win,0.07778012251494248
enhanced_gbm,2023_06_CAR_MIA,2023,6,total,MIA,True,over,99.44467891816092,Elite,True,-110.0,1.0,0.9090909090909091,win,
enhanced_gbm,2023_06_MIN_CHI,2023,6,ats,MIN,False,,78.2640043311497,Moderate,True,-115.0,1.0,0.8695652173913043,win,
enhanced_gbm,2023_06_MIN_CHI,2023,6,moneyline,MIN,False,,78.2640043311497,Moderate,True,-166.0,1.0,0.6024096385542169,win,0.1585798929355572
enhanced_gbm,2023_06_MIN_CHI,2023,6,total,MIN,False,over,78.2640043311497,Moderate,True,-110.0,1.0,-1.0,loss,
enhanced_gbm,2023_06_NO_HOU,2023,6,ats,HOU,True,,76.7879620925059,Moderate,False,-110.0,1.0,0.9090909090909091,win,
enhanced_gbm,2023_06_NO_HOU,2023,6,moneyline,HOU,True,,76.7879620925059,Moderate,False,110.0,1.0,1.1,win,0.29168914473458274
enhanced_gbm,2023_06_NO_HOU,2023,6,total,HOU,True,under,76.7879620925059,Moderate,False,-110.0,1.0,0.9090909090909091,win,
enhanced_gbm,2023_06_NYG_BUF,2023,6,ats,BUF,True,,96.74275979365866,Elite,True,-110.0,1.0,-1.0,loss,
enhanced_gbm,2023_06_NYG_BUF,2023,6,moneyline,BUF,True,,96.74275979365866,Elite,True,-1200.0,1.0,0.08333333333333333,win,0.044350674859663486
enhanced_gbm,2023_06_NYG_BUF,2023,6,total,BUF,True,over,96.74275979365866,Elite,True,-110.0,1.0,-1.0,loss,
enhanced_gbm,2023_07_ATL_TB,2023,7,ats,TB,True,,70.60056684919164,Moderate,False,-105.0,1.0,-1.0,loss,
enhanced_gbm,2023_07_ATL_TB,2023,7,moneyline,TB,True,,70.60056684919164,Moderate,False,-148.0,1.0,-1.0,loss,0.10923147494352925
enhanced_gbm,2023_07_ATL_TB,2023,7,total,TB,True,under,70.60056684919164,Moderate,False,-110.0,1.0,0.9090909090909091,win,
enhanced_gbm,2023_07_BUF_NE,2023,7,ats,BUF,False,,86.04103515493249,Strong,True,-110.0,1.0,-1.0,loss,
enhanced_gbm,2023_07_BUF_NE,2023,7,moneyline,BUF,False,,86.04103515493249,Strong,True,-395.0,1.0,-1.0,loss,0.06243055356952687
enhanced_gbm,2023_07_CLE_IND,2023,7,ats,IND,True,,74.5510136151748,Moderate,False,-112.0,1.0,0.8928571428571429,win,
enhanced_gbm,2023_07_CLE_IND,2023,7,moneyline,IND,True,,74.5510136151748,Moderate,False,150.0,1.0,-1.0,loss,0.34551013615174797
enhanced_gbm,2023_07_CLE_IND,2023,7,total,IND,True,over,74.5510136151748,Moderate,False,-110.0,1.0,0.9090909090909091,win,
enhanced_gbm,2023_07_LV_CHI,2023,7,ats,LV,False,,93.41190266028026,Elite,False,-110.0,1.0,-1.0,loss,
enhanced_gbm,2023_07_LV_CHI,2023,7,moneyline,LV,False,,93.41190266028026,Elite,False,-142.0,1.0,-1.0,loss,0.3473421670986704
enhanced_gbm,2023_07_LV_CHI,2023,7,total,LV,False,over,93.41190266028026,Elite,False,-110.0,1.0,0.9090909090909091,win,
enhanced_gbm,2023_07_ARI_SEA,2023,7,ats,SEA,True,,94.20956971632803,Elite,True,-108.0,1.0,0.9259259259259259,win,
enhanced_gbm,2023_07_ARI_SEA,2023,7,moneyline,SEA,True,,94.20956971632803,Elite,True,-455.0,1.0,0.21978021978021978,win,0.12227587734346057
enhanced_gbm,2023_07_ARI_SEA,2023,7,total,SEA,True,over,94.20956971632803,Elite,True,-110.0,1.0,-1.0,loss,
enhanced_gbm,2023_07_GB_DEN,2023,7,ats,GB,False,,80.08856084814315,Strong,False,-112.0,1.0,-1.0,loss,
enhanced_gbm,2023_07_GB_DEN,2023,7,moneyline,GB,False,,80.08856084814315,Strong,False,-102.0,1.0,-1.0,loss,0.2959351134319266
enhanced_gbm,2023_07_GB_DEN,2023,7,total,GB,False,over,80.08856084814315,Strong,False,-110.0,1.0,-1.0,loss,
enhanced_gbm,2023_08_TB_BUF,2023,8,ats,BUF,True,,84.47638186670885,Strong,True,-108.0,1.0,-1.0,loss,
enhanced_gbm,2023_08_TB_BUF,2023,8,moneyline,BUF,True,,84.47638186670885,Strong,True,-485.0,1.0,0.20618556701030927,win,0.015703989607259383
enhanced_gbm,2023_08_TB_BUF,2023,8,total,BUF,True,under,84.47638186670885,Strong,True,-110.0,1.0,0.9090909090909091,win,
enhanced_gbm,2023_08_JAX_PIT,2023,8,ats,JAX,False,,83.98816840584843,Strong,False,-110.0,1.0,0.9090909090909091,win,
enhanced_gbm,2023_08_JAX_PIT,2023,8,moneyline,JAX,False,,83.98816840584843,Strong,False,-135.0,1.0,0.7407407407407407,win,0.26541359895210126
enhanced_gbm,2023_08_LA_DAL,2023,8,ats,DAL,True,,75.10083811946254,Moderate,True,-115.0,1.0,0.8695652173913043,win,
enhanced_gbm,2023_08_LA_DAL,2023,8,total,DAL,True,under,75.10083811946254,Moderate,True,-110.0,1.0,-1.0,loss,
enhanced_gbm,2023_08_NE_MIA,2023,8,ats,MIA,True,,88.74786278264249,Strong,True,-110.0,1.0,0.9090909090909091,win,
enhanced_gbm,2023_08_NE_MIA,2023,8,moneyline,MIA,True,,88.74786278264249,Strong,True,-380.0,1.0,0.2631578947368421,win,0.09581196115975821
enhanced_gbm,2023_08_NE_MIA,2023,8,total,MIA,True,over,88.74786278264249,Strong,True,-110.0,1.0,0.9090909090909091,win,
enhanced_gbm,2023_08_PHI_WAS,2023,8,ats,PHI,False,,70.13568736721494,Moderate,True,-110.0,1.0,0.0,push,
enhanced_gbm,2023_08_PHI_WAS,2023,8,total,PHI,False,over,70.13568736721494,Moderate,True,-110.0,1.0,0.9090909090909091,win,
enhanced_gbm,2023_08_BAL_ARI,2023,8,ats,BAL,False,,87.85038300235641,Strong,True,-110.0,1.0,-1.0,loss,
enhanced_gbm,2023_08_BAL_ARI,2023,8,moneyline,BAL,False,,87.85038300235641,Strong,True,-500.0,1.0,0.2,win,0.045170496690230766
enhanced_gbm,2023_08_BAL_ARI,2023,8,total,BAL,False,under,87.85038300235641,Strong,True,-110.0,1.0,-1.0,loss,
enhanced_gbm,2023_08_KC_DEN,2023,8,ats,KC,False,,87.28650848418647,Strong,True,-102.0,1.0,-1.0,loss,
enhanced_gbm,2023_08_KC_DEN,2023,8,moneyline,KC,False,,87.28650848418647,Strong,True,-340.0,1.0,-1.0,loss,0.10013781211459205
enhanced_gbm,2023_08_CHI_LAC,2023,8,ats,LAC,True,,97.85734708430519,Elite,True,-112.0,1.0,0.8928571428571429,win,
enhanced_gbm,2023_08_CHI_LAC,2023,8,moneyline,LAC,True,,97.85734708430519,Elite,True,-440.0,1.0,0.22727272727272727,win,0.16375865602823714
enhanced_gbm,2023_08_CHI_LAC,2023,8,total,LAC,True,over,97.85734708430519,Elite,True,-110.0,1.0,-1.0,loss,
enhanced_gbm,2023_09_MIA_KC,2023,9,ats,KC,True,,74.81072855654264,Moderate,False,-108.0,1.0,0.9259259259259259,win,
enhanced_gbm,2023_09_MIA_KC,2023,9,moneyline,KC,True,,74.81072855654264,Moderate,False,-115.0,1.0,0.8695652173913043,win,0.21322356463519399
enhanced_gbm,2023_09_MIA_KC,2023,9,total,KC,True,under,74.81072855654264,Moderate,False,-110.0,1.0,0.9090909090909091,win,
enhanced_gbm,2023_09_ARI_CLE,2023,9,ats,CLE,True,,83.07079592176599,Strong,True,-108.0,1.0,0.9259259259259259,win,
enhanced_gbm,2023_09_ARI_CLE,2023,9,total,CLE,True,over,83.07079592176599,Strong,True,-110.0,1.0,-1.0,loss,
enhanced_gbm,2023_09_CHI_NO,2023,9,ats,NO,True,,94.54808059987057,Elite,True,-112.0,1.0,-1.0,loss,
enhanced_gbm,2023_09_CHI_NO,2023,9,moneyline,NO,True,,94.54808059987057,Elite,True,-440.0,1.0,0.22727272727272727,win,0.130665991183891
enhanced_gbm,2023_09_CHI_NO,2023,9,total,NO,True,over,94.54808059987057,Elite,True,-110.0,1.0,-1.0,loss,
enhanced_gbm,2023_09_IND_CAR,2023,9,ats,CAR,True,,81.63977603183099,Strong,False,-112.0,1.0,-1.0,loss,
enhanced_gbm,2023_09_IND_CAR,2023,9,moneyline,CAR,True,,81.63977603183099,Strong,False,110.0,1.0,-1.0,loss,0.34020728412783374
enhanced_gbm,2023_09_IND_CAR,2023,9,total,CAR,True,over,81.63977603183099,Strong,False,-110.0,1.0,-1.0,loss,
enhanced_gbm,2023_09_DAL_PHI,2023,9,ats,PHI,True,,80.24982573923567,Strong,False,-102.0,1.0,0.9803921568627451,win,
enhanced_gbm,2023_09_DAL_PHI,2023,9,moneyline,PHI,True,,80.24982573923567,Strong,False,-175.0,1.0,0.5714285714285714,win,0.16613462102872045
enhanced_gbm,2023_09_NYG_LV,2023,9,ats,LV,True,,75.15676370047511,Moderate,False,-110.0,1.0,0.9090909090909091,win,
enhanced_gbm,2023_09_NYG_LV,2023,9,moneyline,LV,True,,75.15676370047511,Moderate,False,-118.0,1.0,0.847457627118644,win,0.2102832333350263
enhanced_gbm,2023_09_NYG_LV,2023,9,total,LV,True,under,75.15676370047511,Moderate,False,-110.0,1.0,0.9090909090909091,win,
enhanced_gbm,2023_09_BUF_CIN,2023,9,ats,CIN,True,,79.07509556339994,Moderate,False,-112.0,1.0,0.8928571428571429,win,
enhanced_gbm,2023_09_BUF_CIN,2023,9,moneyline,CIN,True,,79.07509556339994,Moderate,False,-125.0,1.0,0.8,win,0.23519540007844386
enhanced_gbm,2023_09_BUF_CIN,2023,9,total,CIN,True,under,79.07509556339994,Moderate,False,-110.0,1.0,0.9090909090909091,win,
enhanced_gbm,2023_09_LAC_NYJ,2023,9,ats,LAC,False,,75.31168253464712,Moderate,False,-118.0,1.0,0.847457627118644,win,
enhanced_gbm,2023_09_LAC_NYJ,2023,9,moneyline,LAC,False,,75.31168253464712,Moderate,False,-170.0,1.0,0.5882352941176471,win,0.12348719571684152
enhanced_gbm,2023_09_LAC_NYJ,2023,9,total,LAC,False,over,75.31168253464712,Moderate,False,-110.0,1.0,-1.0,loss,
enhanced_gbm,2023_10_CAR_CHI,2023,10,ats,CHI,True,,75.08930538828939,Moderate,False,-120.0,1.0,0.0,push,
enhanced_gbm,2023_10_CAR_CHI,2023,10,moneyline,CHI,True,,75.08930538828939,Moderate,False,-180.0,1.0,0.5555555555555556,win,0.10803591102575094
enhanced_gbm,2023_10_CAR_CHI,2023,10,total,CHI,True,over,75.08930538828939,Moderate,False,-110.0,1.0,-1.0,loss,
enhanced_gbm,2023_10_CLE_BAL,2023,10,ats,BAL,True,,84.9854596724097,Strong,True,-108.0,1.0,-1.0,loss,
enhanced_gbm,2023_10_CLE_BAL,2023,10,moneyline,BAL,True,,84.9854596724097,Strong,True,-258.0,1.0,-1.0,loss,0.12918420566264455
enhanced_gbm,2023_10_CLE_BAL,2023,10,total,BAL,True,over,84.9854596724097,Strong,True,-110.0,1.0,0.9090909090909091,win,
enhanced_gbm,2023_10_HOU_CIN,2023,10,ats,CIN,True,,75.83579674978238,Moderate,False,-110.0,1.0,-1.0,loss,
enhanced_gbm,2023_10_HOU_CIN,2023,10,moneyline,CIN,True,,75.83579674978238,Moderate,False,-250.0,1.0,-1.0,loss,0.0440722532121095
enhanced_gbm,2023_10_HOU_CIN,2023,10,total,CIN,True,under,75.83579674978238,Moderate,False,-110.0,1.0,-1.0,loss,
enhanced_gbm,2023_10_NO_MIN,2023,10,ats,NO,False,,72.44842675217278,Moderate,False,-105.0,1.0,-1.0,loss,
enhanced_gbm,2023_10_NO_MIN,2023,10,moneyline,NO,False,,72.44842675217278,Moderate,False,-155.0,1.0,-1.0,loss,0.11664113026682588
enhanced_gbm,2023_10_NO_MIN,2023,10,total,NO,False,over,72.44842675217278,Moderate,False,-110.0,1.0,0.9090909090909091,win,
enhanced_gbm,2023_10_TEN_TB,2023,10,ats,TB,True,,95.12946988736908,Elite,False,-115.0,1.0,0.8695652173913043,win,
enhanced_gbm,2023_10_TEN_TB,2023,10,moneyline,TB,True,,95.12946988736908,Elite,False,-142.0,1.0,0.704225352112676,win,0.3645178393695585
enhanced_gbm,2023_10_NYG_DAL,2023,10,ats,DAL,True,,95.36663514117777,Elite,True,-112.0,1.0,0.8928571428571429,win,
enhanced_gbm,2023_10_NYG_DAL,2023,10,total,DAL,True,over,95.36663514117777,Elite,True,-110.0,1.0,0.9090909090909091,win,
enhanced_gbm,2023_10_NYJ_LV,2023,10,ats,LV,True,,75.74733993682864,Moderate,False,-112.0,1.0,0.8928571428571429,win,
enhanced_gbm,2023_10_NYJ_LV,2023,10,moneyline,LV,True,,75.74733993682864,Moderate,False,-105.0,1.0,0.9523809523809523,win,0.24527827741706687
enhanced_gbm,2023_10_NYJ_LV,2023,10,total,LV,True,over,75.74733993682864,Moderate,False,-110.0,1.0,-1.0,loss,
enhanced_gbm,2023_10_DEN_BUF,2023,10,ats,BUF,True,,88.6756992864378,Strong,True,-108.0,1.0,-1.0,loss,
enhanced_gbm,2023_10_DEN_BUF,2023,10,moneyline,BUF,True,,88.6756992864378,Strong,True,-395.0,1.0,-1.0,loss,0.08877719488458002
enhanced_gbm,2023_11_CHI_DET,2023,11,ats,DET,True,,92.39811483943123,Elite,True,-110.0,1.0,-1.0,loss,
enhanced_gbm,2023_11_CHI_DET,2023,11,moneyline,DET,True,,92.39811483943123,Elite,True,-440.0,1.0,0.22727272727272727,win,0.10916633357949757
enhanced_gbm,2023_11_DAL_CAR,2023,11,ats,DAL,False,,72.93752537202506,Moderate,True,-110.0,1.0,0.9090909090909091,win,
enhanced_gbm,2023_11_DAL_CAR,2023,11,total,DAL,False,over,72.93752537202506,Moderate,True,-110.0,1.0,0.0,push,
enhanced_gbm,2023_11_LV_MIA,2023,11,ats,MIA,True,,97.92636779413701,Elite,True,-110.0,1.0,-1.0,loss,
enhanced_gbm,2023_11_LV_MIA,2023,11,moneyline,MIA,True,,97.92636779413701,Elite,True,-1100.0,1.0,0.09090909090909091,win,0.0625970112747034
enhanced_gbm,2023_11_LV_MIA,2023,11,total,MIA,True,over,97.92636779413701,Elite,True,-110.0,1.0,-1.0,loss,
enhanced_gbm,2023_11_NYG_WAS,2023,11,ats,WAS,True,,73.1764278599935,Moderate,True,-110.0,1.0,-1.0,loss,
enhanced_gbm,2023_11_NYG_WAS,2023,11,total,WAS,True,over,73.1764278599935,Moderate,True,-110.0,1.0,0.9090909090909091,win,
enhanced_gbm,2023_11_TEN_JAX,2023,11,ats,JAX,True,,88.58942814018711,Strong,True,-115.0,1.0,0.8695652173913043,win,
enhanced_gbm,2023_11_TEN_JAX,2023,11,moneyline,JAX,True,,88.58942814018711,Strong,True,-290.0,1.0,0.3448275862068966,win,0.14230453781212749
enhanced_gbm,2023_11_TB_SF,2023,11,ats,SF,True,,97.02314478021337,Elite,True,-110.0,1.0,-1.0,loss,
enhanced_gbm,2023_11_TB_SF,2023,11,moneyline,SF,True,,97.02314478021337,Elite,True,-950.0,1.0,0.10526315789473684,win,0.0654695430402289
enhanced_gbm,2023_11_MIN_DEN,2023,11,ats,DEN,True,,71.89031182566626,Moderate,False,-118.0,1.0,-1.0,loss,
enhanced_gbm,2023_11_MIN_DEN,2023,11,moneyline,DEN,True,,71.89031182566626,Moderate,False,-142.0,1.0,0.704225352112676,win,0.13212625875253026
enhanced_gbm,2023_11_MIN_DEN,2023,11,total,DEN,True,over,71.89031182566626,Moderate,False,-110.0,1.0,-1.0,loss,
enhanced_gbm,2023_12_GB_DET,2023,12,ats,DET,True,,91.7374645266716,Elite,True,-115.0,1.0,-1.0,loss,
enhanced_gbm,2023_12_GB_DET,2023,12,moneyline,DET,True,,91.7374645266716,Elite,True,-425.0,1.0,-1.0,loss,0.10785083574290655
enhanced_gbm,2023_12_GB_DET,2023,12,total,DET,True,under,91.7374645266716,Elite,True,-110.0,1.0,-1.0,loss,
enhanced_gbm,2023_12_WAS_DAL,2023,12,ats,DAL,True,,99.09796442038544,Elite,True,-110.0,1.0,0.9090909090909091,win,
enhanced_gbm,2023_12_WAS_DAL,2023,12,moneyline,DAL,True,,99.09796442038544,Elite,True,-800.0,1.0,0.125,win,0.10209075531496548
enhanced_gbm,2023_12_MIA_NYJ,2023,12,ats,MIA,False,,88.44145398593919,Strong,True,-120.0,1.0,0.8333333333333334,win,
enhanced_gbm,2023_12_MIA_NYJ,2023,12,moneyline,MIA,False,,88.44145398593919,Strong,True,-500.0,1.0,0.2,win,0.05108120652605852
enhanced_gbm,2023_12_MIA_NYJ,2023,12,total,MIA,False,over,88.44145398593919,Strong,True,-110.0,1.0,0.9090909090909091,win,
enhanced_gbm,2023_12_NE_NYG,2023,12,ats,NE,False,,83.37332325220682,Strong,True,-108.0,1.0,-1.0,loss,
enhanced_gbm,2023_12_NE_NYG,2023,12,moneyline,NE,False,,83.37332325220682,Strong,True,-218.0,1.0,-1.0,loss,0.1481986413270997
enhanced_gbm,2023_12_NE_NYG,2023,12,total,NE,False,over,83.37332325220682,Strong,True,-110.0,1.0,-1.0,loss,
enhanced_gbm,2023_12_PIT_CIN,2023,12,ats,CIN,True,,70.86593243628262,Moderate,False,-108.0,1.0,-1.0,loss,
enhanced_gbm,2023_12_PIT_CIN,2023,12,moneyline,CIN,True,,70.86593243628262,Moderate,False,114.0,1.0,-1.0,loss,0.24136960473665797
enhanced_gbm,2023_12_PIT_CIN,2023,12,total,CIN,True,over,70.86593243628262,Moderate,False,-110.0,1.0,-1.0,loss,
enhanced_gbm,2023_12_CLE_DEN,2023,12,ats,DEN,True,,80.34318658506268,Strong,False,-110.0,1.0,0.9090909090909091,win,
enhanced_gbm,2023_12_CLE_DEN,2023,12,moneyline,DEN,True,,80.34318658506268,Strong,False,-125.0,1.0,0.8,win,0.24787631029507118
enhanced_gbm,2023_12_CLE_DEN,2023,12,total,DEN,True,over,80.34318658506268,Strong,False,-110.0,1.0,0.9090909090909091,win,
enhanced_gbm,2023_12_BAL_LAC,2023,12,ats,BAL,False,,70.83576875700257,Moderate,True,-115.0,1.0,0.8695652173913043,win,
enhanced_gbm,2023_12_BAL_LAC,2023,12,moneyline,BAL,False,,70.83576875700257,Moderate,True,-170.0,1.0,0.5882352941176471,win,0.07872805794039606
enhanced_gbm,2023_12_BAL_LAC,2023,12,total,BAL,False,under,70.83576875700257,Moderate,True,-110.0,1.0,0.9090909090909091,win,
enhanced_gbm,2023_13_SEA_DAL,2023,13,ats,DAL,True,,95.02515606818156,Elite,True,-118.0,1.0,-1.0,loss,
enhanced_gbm,2023_13_SEA_DAL,2023,13,moneyline,DAL,True,,95.02515606818156,Elite,True,-500.0,1.0,0.2,win,0.11691822734848223
enhanced_gbm,2023_13_SEA_DAL,2023,13,total,DAL,True,under,95.02515606818156,Elite,True,-110.0,1.0,-1.0,loss,
enhanced_gbm,2023_13_DET_NO,2023,13,ats,DET,False,,79.29520051441393,Moderate,False,-110.0,1.0,0.9090909090909091,win,
enhanced_gbm,2023_13_DET_NO,2023,13,moneyline,DET,False,,79.29520051441393,Moderate,False,-198.0,1.0,0.5050505050505051,win,0.128522474942797
enhanced_gbm,2023_13_DET_NO,2023,13,total,DET,False,under,79.29520051441393,Moderate,False,-110.0,1.0,-1.0,loss,
enhanced_gbm,2023_13_MIA_WAS,2023,13,ats,MIA,False,,70.47751875746098,Moderate,True,-112.0,1.0,0.8928571428571429,win,
enhanced_gbm,2023_13_MIA_WAS,2023,13,total,MIA,False,over,70.47751875746098,Moderate,True,-110.0,1.0,0.9090909090909091,win,
enhanced_gbm,2023_13_CAR_TB,2023,13,ats,TB,True,,85.59217502187158,Strong,True,-110.0,1.0,-1.0,loss,
enhanced_gbm,2023_13_CAR_TB,2023,13,moneyline,TB,True,,85.59217502187158,Strong,True,-198.0,1.0,0.5050505050505051,win,0.19149222001737354
enhanced_gbm,2023_13_CAR_TB,2023,13,total,TB,True,over,85.59217502187158,Strong,True,-110.0,1.0,0.9090909090909091,win,
enhanced_gbm,2023_13_CLE_LA,2023,13,ats,LA,True,,90.25622042754105,Elite,False,-110.0,1.0,0.9090909090909091,win,
enhanced_gbm,2023_13_CLE_LA,2023,13,moneyline,LA,True,,90.25622042754105,Elite,False,-192.0,1.0,0.5208333333333334,win,0.24502795770006813
enhanced_gbm,2023_13_CLE_LA,2023,13,total,LA,True,over,90.25622042754105,Elite,False,-110.0,1.0,0.9090909090909091,win,
enhanced_gbm,2023_13_KC_GB,2023,13,ats,KC,False,,77.12423421282558,Moderate,True,-118.0,1.0,-1.0,loss,
enhanced_gbm,2023_13_KC_GB,2023,13,moneyline,KC,False,,77.12423421282558,Moderate,True,-265.0,1.0,-1.0,loss,0.04521494486798183
enhanced_gbm,2023_13_KC_GB,2023,13,total,KC,False,under,77.12423421282558,Moderate,True,-110.0,1.0,-1.0,loss,
enhanced_gbm,2023_13_CIN_JAX,2023,13,ats,JAX,True,,96.83567887052389,Elite,False,-115.0,1.0,-1.0,loss,
enhanced_gbm,2023_13_CIN_JAX,2023,13,moneyline,JAX,True,,96.83567887052389,Elite,False,-550.0,1.0,-1.0,loss,0.12220294255139275
enhanced_gbm,2023_13_CIN_JAX,2023,13,total,JAX,True,over,96.83567887052389,Elite,False,-110.0,1.0,0.9090909090909091,win,
enhanced_gbm,2023_14_HOU_NYJ,2023,14,ats,HOU,False,,90.76075506163946,Elite,True,-108.0,1.0,-1.0,loss,
enhanced_gbm,2023_14_HOU_NYJ,2023,14,moneyline,HOU,False,,90.76075506163946,Elite,True,-175.0,1.0,-1.0,loss,0.2712439142527582
enhanced_gbm,2023_14_HOU_NYJ,2023,14,total,HOU,False,over,90.76075506163946,Elite,True,-110.0,1.0,0.9090909090909091,win,
enhanced_gbm,2023_14_LA_BAL,2023,14,ats,BAL,True,,87.63672508154256,Strong,True,-105.0,1.0,-1.0,loss,
enhanced_gbm,2023_14_LA_BAL,2023,14,moneyline,BAL,True,,87.63672508154256,Strong,True,-360.0,1.0,0.2777777777777778,win,0.09375855516325171
enhanced_gbm,2023_14_LA_BAL,2023,14,total,BAL,True,over,87.63672508154256,Strong,True,-110.0,1.0,0.9090909090909091,win,
enhanced_gbm,2023_14_SEA_SF,2023,14,ats,SF,True,,98.48282951856044,Elite,True,-110.0,1.0,-1.0,loss,
enhanced_gbm,2023_14_SEA_SF,2023,14,moneyline,SF,True,,98.48282951856044,Elite,True,-1000.0,1.0,0.1,win,0.07573738609469527
enhanced_gbm,2023_14_SEA_SF,2023,14,total,SF,True,over,98.48282951856044,Elite,True,-110.0,1.0,-1.0,loss,
enhanced_gbm,2023_14_GB_NYG,2023,14,ats,GB,False,,86.36425138650999,Strong,True,-112.0,1.0,-1.0,loss,
enhanced_gbm,2023_14_GB_NYG,2023,14,moneyline,GB,False,,86.36425138650999,Strong,True,-265.0,1.0,-1.0,loss,0.13761511660482595
enhanced_gbm,2023_14_GB_NYG,2023,14,total,GB,False,over,86.36425138650999,Strong,True,-110.0,1.0,0.9090909090909091,win,
enhanced_gbm,2023_14_TEN_MIA,2023,14,ats,MIA,True,,96.98915327123504,Elite,True,-110.0,1.0,-1.0,loss,
enhanced_gbm,2023_14_TEN_MIA,2023,14,moneyline,MIA,True,,96.98915327123504,Elite,True,-950.0,1.0,-1.0,loss,0.06512962795044563
enhanced_gbm,2023_14_TEN_MIA,2023,14,total,MIA,True,over,96.98915327123504,Elite,True,-110.0,1.0,0.9090909090909091,win,
enhanced_gbm,2023_15_MIN_CIN,2023,15,ats,CIN,True,,71.29456639163104,Moderate,False,-115.0,1.0,0.0,push,
enhanced_gbm,2023_15_MIN_CIN,2023,15,moneyline,CIN,True,,71.29456639163104,Moderate,False,-175.0,1.0,0.5714285714285714,win,0.07658202755267396
enhanced_gbm,2023_15_PIT_IND,2023,15,ats,IND,True,,80.37141910747349,Strong,False,-110.0,1.0,0.9090909090909091,win,
enhanced_gbm,2023_15_PIT_IND,2023,15,moneyline,IND,True,,80.37141910747349,Strong,False,-122.0,1.0,0.819672131147541,win,0.25416464152518525
enhanced_gbm,2023_15_DEN_DET,2023,15,ats,DET,True,,71.78914979129603,Moderate,False,-112.0,1.0,0.8928571428571429,win,
enhanced_gbm,2023_15_HOU_TEN,2023,15,ats,TEN,True,,76.56839346419133,Moderate,False,-120.0,1.0,-1.0,loss,
enhanced_gbm,2023_15_HOU_TEN,2023,15,moneyline,TEN,True,,76.56839346419133,Moderate,False,-170.0,1.0,-1.0,loss,0.13605430501228366
enhanced_gbm,2023_15_HOU_TEN,2023,15,total,TEN,True,over,76.56839346419133,Moderate,False,-110.0,1.0,-1.0,loss,
enhanced_gbm,2023_15_SF_ARI,2023,15,ats,SF,False,,73.35677794697992,Moderate,True,-110.0,1.0,0.9090909090909091,win,
enhanced_gbm,2023_15_SF_ARI,2023,15,total,SF,False,under,73.35677794697992,Moderate,True,-110.0,1.0,-1.0,loss,
enhanced_gbm,2023_15_PHI_SEA,2023,15,ats,PHI,False,,86.68710596423577,Strong,False,-120.0,1.0,-1.0,loss,
enhanced_gbm,2023_15_PHI_SEA,2023,15,moneyline,PHI,False,,86.68710596423577,Strong,False,-238.0,1.0,-1.0,loss,0.1627290478080381
enhanced_gbm,2023_15_PHI_SEA,2023,15,total,PHI,False,over,86.68710596423577,Strong,False,-110.0,1.0,-1.0,loss,
enhanced_gbm,2023_16_CIN_PIT,2023,16,ats,CIN,False,,79.96457342414311,Moderate,False,-105.0,1.0,-1.0,loss,
enhanced_gbm,2023_16_CIN_PIT,2023,16,moneyline,CIN,False,,79.96457342414311,Moderate,False,-155.0,1.0,-1.0,loss,0.19180259698652924
enhanced_gbm,2023_16_GB_CAR,2023,16,ats,CAR,True,,73.65622429304359,Moderate,False,-108.0,1.0,0.9259259259259259,win,
enhanced_gbm,2023_16_GB_CAR,2023,16,moneyline,CAR,True,,73.65622429304359,Moderate,False,164.0,1.0,-1.0,loss,0.35777436414255714
enhanced_gbm,2023_16_GB_CAR,2023,16,total,CAR,True,over,73.65622429304359,Moderate,False,-110.0,1.0,0.9090909090909091,win,
enhanced_gbm,2023_16_IND_ATL,2023,16,ats,IND,False,,72.57408072508407,Moderate,False,-115.0,1.0,-1.0,loss,
enhanced_gbm,2023_16_IND_ATL,2023,16,moneyline,IND,False,,72.57408072508407,Moderate,False,130.0,1.0,-1.0,loss,0.2909581985551885
enhanced_gbm,2023_16_WAS_NYJ,2023,16,ats,WAS,False,,75.54690144005404,Moderate,False,-108.0,1.0,0.9259259259259259,win,
enhanced_gbm,2023_16_WAS_NYJ,2023,16,moneyline,WAS,False,,75.54690144005404,Moderate,False,140.0,1.0,-1.0,loss,0.3388023477338738
enhanced_gbm,2023_16_WAS_NYJ,2023,16,total,WAS,False,over,75.54690144005404,Moderate,False,-110.0,1.0,0.9090909090909091,win,
enhanced_gbm,2023_16_DAL_MIA,2023,16,ats,DAL,False,,75.50974313852264,Moderate,False,-110.0,1.0,-1.0,loss,
enhanced_gbm,2023_16_DAL_MIA,2023,16,moneyline,DAL,False,,75.50974313852264,Moderate,False,102.0,1.0,-1.0,loss,0.2600479264347313
enhanced_gbm,2023_16_DAL_MIA,2023,16,total,DAL,False,over,75.50974313852264,Moderate,False,-110.0,1.0,-1.0,loss,
enhanced_gbm,2023_16_NE_DEN,2023,16,ats,DEN,True,,86.92896272932865,Strong,False,-110.0,1.0,-1.0,loss,
enhanced_gbm,2023_16_NE_DEN,2023,16,moneyline,DEN,True,,86.92896272932865,Strong,False,-340.0,1.0,-1.0,loss,0.09656235456601381
enhanced_gbm,2023_16_NE_DEN,2023,16,total,DEN,True,over,86.92896272932865,Strong,False,-110.0,1.0,0.9090909090909091,win,
enhanced_gbm,2023_16_LV_KC,2023,16,ats,KC,True,,92.64713605802079,Elite,True,-118.0,1.0,-1.0,loss,
enhanced_gbm,2023_16_LV_KC,2023,16,moneyline,KC,True,,92.64713605802079,Elite,True,-600.0,1.0,-1.0,loss,0.06932850343735075
enhanced_gbm,2023_16_NYG_PHI,2023,16,ats,PHI,True,,84.41080385046492,Strong,True,-108.0,1.0,-1.0,loss,
enhanced_gbm,2023_16_NYG_PHI,2023,16,total,PHI,True,over,84.41080385046492,Strong,True,-110.0,1.0,0.9090909090909091,win,
enhanced_gbm,2023_16_BAL_SF,2023,16,ats,SF,True,,82.06830272806633,Strong,False,-115.0,1.0,-1.0,loss,
enhanced_gbm,2023_16_BAL_SF,2023,16,moneyline,SF,True,,82.06830272806633,Strong,False,-345.0,1.0,-1.0,loss,0.045402128404258835
enhanced_gbm,2023_16_BAL_SF,2023,16,total,SF,True,under,82.06830272806633,Strong,False,-110.0,1.0,-1.0,loss,
enhanced_gbm,2023_17_NYJ_CLE,2023,17,ats,CLE,True,,84.01793492063479,Strong,True,-115.0,1.0,0.8695652173913043,win,
enhanced_gbm,2023_17_NYJ_CLE,2023,17,moneyline,CLE,True,,84.01793492063479,Strong,True,-345.0,1.0,0.2898550724637681,win,0.06489845032994335
enhanced_gbm,2023_17_NYJ_CLE,2023,17,total,CLE,True,over,84.01793492063479,Strong,True,-110.0,1.0,0.9090909090909091,win,
enhanced_gbm,2023_17_ARI_PHI,2023,17,ats,PHI,True,,98.51688154701384,Elite,True,-110.0,1.0,-1.0,loss,
enhanced_gbm,2023_17_ARI_PHI,2023,17,moneyline,PHI,True,,98.51688154701384,Elite,True,-750.0,1.0,-1.0,loss,0.10281587429366779
enhanced_gbm,2023_17_NE_BUF,2023,17,ats,BUF,True,,90.10588760495676,Elite,True,-110.0,1.0,-1.0,loss,
enhanced_gbm,2023_17_PIT_SEA,2023,17,ats,SEA,True,,72.08510181420051,Moderate,False,-110.0,1.0,-1.0,loss,
enhanced_gbm,2023_17_PIT_SEA,2023,17,moneyline,SEA,True,,72.08510181420051,Moderate,False,-225.0,1.0,-1.0,loss,0.02854332583431285
enhanced_gbm,2023_17_CIN_KC,2023,17,ats,KC,True,,75.19678102621772,Moderate,True,-105.0,1.0,0.9523809523809523,win,
enhanced_gbm,2023_17_CIN_KC,2023,17,total,KC,True,under,75.19678102621772,Moderate,True,-110.0,1.0,0.9090909090909091,win,
enhanced_gbm,2023_17_GB_MIN,2023,17,ats,GB,False,,71.0607793424803,Moderate,False,-112.0,1.0,0.8928571428571429,win,
enhanced_gbm,2023_17_GB_MIN,2023,17,moneyline,GB,False,,71.0607793424803,Moderate,False,-108.0,1.0,0.9259259259259259,win,0.19137702419403368
enhanced_gbm,2023_18_CLE_CIN,2023,18,ats,CIN,True,,89.886513854875,Strong,False,-105.0,1.0,0.9523809523809523,win,
enhanced_gbm,2023_18_CLE_CIN,2023,18,moneyline,CIN,True,,89.886513854875,Strong,False,-360.0,1.0,0.2777777777777778,win,0.1162564428965761
enhanced_gbm,2023_18_CLE_CIN,2023,18,total,CIN,True,over,89.886513854875,Strong,False,-110.0,1.0,0.9090909090909091,win,
enhanced_gbm,2023_18_PHI_NYG,2023,18,ats,PHI,False,,76.9435137851793,Moderate,True,-112.0,1.0,-1.0,loss,
enhanced_gbm,2023_18_PHI_NYG,2023,18,moneyline,PHI,False,,76.9435137851793,Moderate,True,-238.0,1.0,-1.0,loss,0.0652931260174735
enhanced_gbm,2023_18_PHI_NYG,2023,18,total,PHI,False,over,76.9435137851793,Moderate,True,-110.0,1.0,-1.0,loss,
enhanced_gbm,2023_19_CLE_HOU,2023,19,ats,CLE,False,,80.14566628459771,Strong,False,-110.0,1.0,-1.0,loss,
enhanced_gbm,2023_19_CLE_HOU,2023,19,moneyline,CLE,False,,80.14566628459771,Strong,False,-148.0,1.0,-1.0,loss,0.20468246929758993
enhanced_gbm,2023_19_CLE_HOU,2023,19,total,CLE,False,under,80.14566628459771,Strong,False,-110.0,1.0,-1.0,loss,
enhanced_gbm,2023_19_PIT_BUF,2023,19,ats,BUF,True,,76.32547687135437,Moderate,True,-112.0,1.0,0.8928571428571429,win,
enhanced_gbm,2023_19_PIT_BUF,2023,19,total,BUF,True,over,76.32547687135437,Moderate,True,-110.0,1.0,0.9090909090909091,win,
enhanced_gbm,2023_19_PHI_TB,2023,19,ats,PHI,False,,78.66733374891484,Moderate,False,-125.0,1.0,-1.0,loss,
enhanced_gbm,2023_19_PHI_TB,2023,19,moneyline,PHI,False,,78.66733374891484,Moderate,False,-162.0,1.0,-1.0,loss,0.16835272680212554
enhanced_gbm,2023_19_PHI_TB,2023,19,total,PHI,False,over,78.66733374891484,Moderate,False,-110.0,1.0,-1.0,loss,
enhanced_gbm,2023_20_HOU_BAL,2023,20,ats,BAL,True,,79.63806532776367,Moderate,True,-105.0,1.0,0.9523809523809523,win,
enhanced_gbm,2023_20_GB_SF,2023,20,ats,SF,True,,76.3693867364322,Moderate,True,-108.0,1.0,-1.0,loss,
enhanced_gbm,2023_20_GB_SF,2023,20,total,SF,True,under,76.3693867364322,Moderate,True,-110.0,1.0,0.9090909090909091,win,
enhanced_gbm,2023_20_TB_DET,2023,20,ats,DET,True,,73.27073042576761,Moderate,True,-118.0,1.0,0.847457627118644,win,
enhanced_gbm,2023_20_TB_DET,2023,20,total,DET,True,under,73.27073042576761,Moderate,True,-110.0,1.0,-1.0,loss,
enhanced_gbm,2023_20_KC_BUF,2023,20,ats,BUF,True,,76.44482397416127,Moderate,True,-110.0,1.0,-1.0,loss,
enhanced_gbm,2023_20_KC_BUF,2023,20,moneyline,BUF,True,,76.44482397416127,Moderate,True,-142.0,1.0,-1.0,loss,0.17767138023748041
enhanced_gbm,2023_20_KC_BUF,2023,20,total,BUF,True,under,76.44482397416127,Moderate,True,-110.0,1.0,-1.0,loss,
enhanced_gbm,2023_21_KC_BAL,2023,21,ats,KC,False,,85.07753018106631,Strong,False,-110.0,1.0,0.9090909090909091,win,
enhanced_gbm,2023_21_KC_BAL,2023,21,moneyline,KC,False,,85.07753018106631,Strong,False,180.0,1.0,1.8,win,0.4936324446678059
enhanced_gbm,2023_21_KC_BAL,2023,21,total,KC,False,under,85.07753018106631,Strong,False,-110.0,1.0,0.9090909090909091,win,
enhanced_gbm,2024_01_GB_PHI,2024,1,ats,GB,False,,73.33340297067068,Moderate,True,-110.0,1.0,-1.0,loss,
enhanced_gbm,2024_01_GB_PHI,2024,1,moneyline,GB,False,,73.33340297067068,Moderate,True,110.0,1.0,-1.0,loss,0.25714355351623064
enhanced_gbm,2024_01_GB_PHI,2024,1,total,GB,False,over,73.33340297067068,Moderate,True,-110.0,1.0,0.9090909090909091,win,
enhanced_gbm,2024_01_ARI_BUF,2024,1,ats,BUF,True,,89.06285774680777,Strong,True,-115.0,1.0,-1.0,loss,
enhanced_gbm,2024_01_ARI_BUF,2024,1,moneyline,BUF,True,,89.06285774680777,Strong,True,-310.0,1.0,0.3225806451612903,win,0.1345310164924679
enhanced_gbm,2024_01_ARI_BUF,2024,1,total,BUF,True,over,89.06285774680777,Strong,True,-110.0,1.0,0.9090909090909091,win,
enhanced_gbm,2024_01_CAR_NO,2024,1,ats,NO,True,,75.43961192748888,Moderate,True,-112.0,1.0,0.8928571428571429,win,
enhanced_gbm,2024_01_CAR_NO,2024,1,moneyline,NO,True,,75.43961192748888,Moderate,True,-192.0,1.0,0.5208333333333334,win,0.09686187269954638
enhanced_gbm,2024_01_CAR_NO,2024,1,total,NO,True,under,75.43961192748888,Moderate,True,-110.0,1.0,-1.0,loss,
enhanced_gbm,2024_01_NE_CIN,2024,1,ats,CIN,True,,76.23318882516935,Moderate,False,-110.0,1.0,-1.0,loss,
enhanced_gbm,2024_01_NE_CIN,2024,1,total,CIN,True,under,76.23318882516935,Moderate,False,-110.0,1.0,0.9090909090909091,win,
enhanced_gbm,2024_01_DEN_SEA,2024,1,ats,SEA,True,,76.99009609049793,Moderate,False,-110.0,1.0,-1.0,loss,
enhanced_gbm,2024_01_DEN_SEA,2024,1,moneyline,SEA,True,,76.99009609049793,Moderate,False,-278.0,1.0,0.3597122302158273,win,0.03445122545524382
enhanced_gbm,2024_01_DEN_SEA,2024,1,total,SEA,True,over,76.99009609049793,Moderate,False,-110.0,1.0,0.9090909090909091,win,
enhanced_gbm,2024_01_DAL_CLE,2024,1,ats,DAL,False,,83.98151851321146,Strong,False,-112.0,1.0,0.8928571428571429,win,
enhanced_gbm,2024_01_DAL_CLE,2024,1,moneyline,DAL,False,,83.98151851321146,Strong,False,110.0,1.0,1.1,win,0.36362470894163834
enhanced_gbm,2024_01_DAL_CLE,2024,1,total,DAL,False,over,83.98151851321146,Strong,False,-110.0,1.0,0.9090909090909091,win,
enhanced_gbm,2024_02_LV_BAL,2024,2,ats,BAL,True,,73.44296151801028,Moderate,True,-108.0,1.0,-1.0,loss,
enhanced_gbm,2024_02_LV_BAL,2024,2,total,BAL,True,over,73.44296151801028,Moderate,True,-110.0,1.0,0.9090909090909091,win,
enhanced_gbm,2024_02_NO_DAL,2024,2,ats,DAL,True,,76.77816295331618,Moderate,False,-108.0,1.0,-1.0,loss,
enhanced_gbm,2024_02_NO_DAL,2024,2,moneyline,DAL,True,,76.77816295331618,Moderate,False,-290.0,1.0,-1.0,loss,0.024191885943418256
enhanced_gbm,2024_02_NO_DAL,2024,2,total,DAL,True,over,76.77816295331618,Moderate,False,-110.0,1.0,0.9090909090909091,win,
enhanced_gbm,2024_02_NYJ_TEN,2024,2,ats,NYJ,False,,80.87302979784555,Strong,False,-112.0,1.0,0.8928571428571429,win,
enhanced_gbm,2024_02_NYJ_TEN,2024,2,moneyline,NYJ,False,,80.87302979784555,Strong,False,-180.0,1.0,0.5555555555555556,win,0.1658731551213125
enhanced_gbm,2024_02_SEA_NE,2024,2,ats,SEA,False,,74.02734368611816,Moderate,False,-102.0,1.0,-1.0,loss,
enhanced_gbm,2024_02_SEA_NE,2024,2,moneyline,SEA,False,,74.02734368611816,Moderate,False,-170.0,1.0,0.5882352941176471,win,0.11064380723155198
enhanced_gbm,2024_02_SF_MIN,2024,2,ats,SF,False,,70.45394980820281,Moderate,True,-112.0,1.0,-1.0,loss,
enhanced_gbm,2024_02_SF_MIN,2024,2,moneyline,SF,False,,70.45394980820281,Moderate,True,-218.0,1.0,-1.0,loss,0.01900490688705958
enhanced_gbm,2024_02_SF_MIN,2024,2,total,SF,False,under,70.45394980820281,Moderate,True,-110.0,1.0,0.9090909090909091,win,
enhanced_gbm,2024_02_TB_DET,2024,2,ats,DET,True,,78.8536717958144,Moderate,False,-112.0,1.0,-1.0,loss,
enhanced_gbm,2024_02_TB_DET,2024,2,total,DET,True,under,78.8536717958144,Moderate,False,-110.0,1.0,0.9090909090909091,win,
enhanced_gbm,2024_02_LA_ARI,2024,2,ats,LA,False,,92.5746573152582,Elite,True,-105.0,1.0,-1.0,loss,
enhanced_gbm,2024_02_LA_ARI,2024,2,moneyline,LA,False,,92.5746573152582,Elite,True,-112.0,1.0,-1.0,loss,0.3974446863601291
enhanced_gbm,2024_02_LA_ARI,2024,2,total,LA,False,over,92.5746573152582,Elite,True,-110.0,1.0,0.9090909090909091,win,
enhanced_gbm,2024_02_PIT_DEN,2024,2,ats,PIT,False,,76.10080243616589,Moderate,False,-102.0,1.0,0.9803921568627451,win,
enhanced_gbm,2024_02_PIT_DEN,2024,2,moneyline,PIT,False,,76.10080243616589,Moderate,False,-155.0,1.0,0.6451612903225806,win,0.15316488710675702
enhanced_gbm,2024_02_PIT_DEN,2024,2,total,PIT,False,over,76.10080243616589,Moderate,False,-110.0,1.0,-1.0,loss,
enhanced_gbm,2024_02_ATL_PHI,2024,2,ats,PHI,True,,76.60893220878387,Moderate,False,-115.0,1.0,-1.0,loss,
enhanced_gbm,2024_02_ATL_PHI,2024,2,moneyline,PHI,True,,76.60893220878387,Moderate,False,-265.0,1.0,-1.0,loss,0.040061924827564765
enhanced_gbm,2024_02_ATL_PHI,2024,2,total,PHI,True,under,76.60893220878387,Moderate,False,-110.0,1.0,0.9090909090909091,win,
enhanced_gbm,2024_03_NE_NYJ,2024,3,ats,NYJ,True,,75.30284025457156,Moderate,True,-110.0,1.0,0.9090909090909091,win,
enhanced_gbm,2024_03_NE_NYJ,2024,3,moneyline,NYJ,True,,75.30284025457156,Moderate,True,-285.0,1.0,0.3508771929824561,win,0.012768662285975285
enhanced_gbm,2024_03_NE_NYJ,2024,3,total,NYJ,True,under,75.30284025457156,Moderate,True,-110.0,1.0,0.9090909090909091,win,
enhanced_gbm,2024_03_DEN_TB,2024,3,ats,TB,True,,82.65074630222678,Strong,True,-108.0,1.0,-1.0,loss,
enhanced_gbm,2024_03_DEN_TB,2024,3,moneyline,TB,True,,82.65074630222678,Strong,True,-245.0,1.0,-1.0,loss,0.11636253548603592
enhanced_gbm,2024_03_MIA_SEA,2024,3,ats,SEA,True,,80.45267994525231,Strong,False,-110.0,1.0,0.9090909090909091,win,
enhanced_gbm,2024_03_MIA_SEA,2024,3,moneyline,SEA,True,,80.45267994525231,Strong,False,-205.0,1.0,0.4878048780487805,win,0.13239565191153957
enhanced_gbm,2024_03_MIA_SEA,2024,3,total,SEA,True,over,80.45267994525231,Strong,False,-110.0,1.0,-1.0,loss,
enhanced_gbm,2024_03_BAL_DAL,2024,3,ats,BAL,False,,81.27168642745423,Strong,False,-110.0,1.0,0.9090909090909091,win,
enhanced_gbm,2024_03_BAL_DAL,2024,3,moneyline,BAL,False,,81.27168642745423,Strong,False,-120.0,1.0,0.8333333333333334,win,0.26726231881999685
enhanced_gbm,2024_03_SF_LA,2024,3,ats,SF,False,,83.84641909595481,Strong,True,-108.0,1.0,-1.0,loss,
enhanced_gbm,2024_03_SF_LA,2024,3,moneyline,SF,False,,83.84641909595481,Strong,True,-258.0,1.0,-1.0,loss,0.11779379989809569
enhanced_gbm,2024_03_SF_LA,2024,3,total,SF,False,over,83.84641909595481,Strong,True,-110.0,1.0,0.9090909090909091,win,
enhanced_gbm,2024_03_KC_ATL,2024,3,ats,KC,False,,91.29519495508151,Elite,False,-118.0,1.0,0.847457627118644,win,
enhanced_gbm,2024_03_KC_ATL,2024,3,moneyline,KC,False,,91.29519495508151,Elite,False,-170.0,1.0,0.5882352941176471,win,0.2833223199211855
enhanced_gbm,2024_03_KC_ATL,2024,3,total,KC,False,under,91.29519495508151,Elite,False,-110.0,1.0,0.9090909090909091,win,
enhanced_gbm,2024_03_WAS_CIN,2024,3,ats,CIN,True,,96.75616678385065,Elite,True,-105.0,1.0,-1.0,loss,
enhanced_gbm,2024_03_WAS_CIN,2024,3,moneyline,CIN,True,,96.75616678385065,Elite,True,-355.0,1.0,-1.0,loss,0.18734188761872628
enhanced_gbm,2024_03_WAS_CIN,2024,3,total,CIN,True,over,96.75616678385065,Elite,True,-110.0,1.0,0.9090909090909091,win,
enhanced_gbm,2024_04_DAL_NYG,2024,4,ats,DAL,False,,78.8405815712137,Moderate,False,-115.0,1.0,-1.0,loss,
enhanced_gbm,2024_04_DAL_NYG,2024,4,moneyline,DAL,False,,78.8405815712137,Moderate,False,-250.0,1.0,0.4,win,0.07412010142642267
enhanced_gbm,2024_04_LA_CHI,2024,4,ats,CHI,True,,71.7761152201416,Moderate,True,-108.0,1.0,0.9259259259259259,win,
enhanced_gbm,2024_04_LA_CHI,2024,4,moneyline,CHI,True,,71.7761152201416,Moderate,True,-162.0,1.0,0.6172839506172839,win,0.09944054151439308
enhanced_gbm,2024_04_LA_CHI,2024,4,total,CHI,True,over,71.7761152201416,Moderate,True,-110.0,1.0,0.9090909090909091,win,
enhanced_gbm,2024_04_MIN_GB,2024,4,ats,GB,True,,75.08143799255038,Moderate,False,-118.0,1.0,-1.0,loss,
enhanced_gbm,2024_04_MIN_GB,2024,4,moneyline,GB,True,,75.08143799255038,Moderate,False,-135.0,1.0,-1.0,loss,0.17634629481912067
enhanced_gbm,2024_04_MIN_GB,2024,4,total,GB,True,under,75.08143799255038,Moderate,False,-110.0,1.0,-1.0,loss,
enhanced_gbm,2024_04_PIT_IND,2024,4,ats,PIT,False,,79.95645052705672,Moderate,False,-108.0,1.0,-1.0,loss,
enhanced_gbm,2024_04_PIT_IND,2024,4,moneyline,PIT,False,,79.95645052705672,Moderate,False,-130.0,1.0,-1.0,loss,0.23434711396621932
enhanced_gbm,2024_04_PIT_IND,2024,4,total,PIT,False,under,79.95645052705672,Moderate,False,-110.0,1.0,-1.0,loss,
enhanced_gbm,2024_04_NE_SF,2024,4,ats,SF,True,,91.18485952494565,Elite,True,-108.0,1.0,0.9259259259259259,win,
enhanced_gbm,2024_04_NE_SF,2024,4,moneyline,SF,True,,91.18485952494565,Elite,True,-550.0,1.0,0.18181818181818182,win,0.06569474909561035
enhanced_gbm,2024_04_NE_SF,2024,4,total,SF,True,under,91.18485952494565,Elite,True,-110.0,1.0,-1.0,loss,
enhanced_gbm,2024_04_WAS_ARI,2024,4,ats,ARI,True,,70.39853874768995,Moderate,True,-105.0,1.0,-1.0,loss,
enhanced_gbm,2024_04_WAS_ARI,2024,4,moneyline,ARI,True,,70.39853874768995,Moderate,True,-180.0,1.0,-1.0,loss,0.06112824461975663
enhanced_gbm,2024_04_WAS_ARI,2024,4,total,ARI,True,over,70.39853874768995,Moderate,True,-110.0,1.0,0.9090909090909091,win,
enhanced_gbm,2024_04_CLE_LV,2024,4,ats,CLE,False,,84.4085265814583,Strong,False,-115.0,1.0,-1.0,loss,
enhanced_gbm,2024_04_CLE_LV,2024,4,moneyline,CLE,False,,84.4085265814583,Strong,False,-135.0,1.0,-1.0,loss,0.26961718070819995
enhanced_gbm,2024_04_CLE_LV,2024,4,total,CLE,False,over,84.4085265814583,Strong,False,-110.0,1.0,-1.0,loss,
enhanced_gbm,2024_04_KC_LAC,2024,4,ats,KC,False,,86.56220115886039,Strong,False,-108.0,1.0,-1.0,loss,
enhanced_gbm,2024_04_KC_LAC,2024,4,moneyline,KC,False,,86.56220115886039,Strong,False,-345.0,1.0,0.2898550724637681,win,0.09034111271219936
enhanced_gbm,2024_04_KC_LAC,2024,4,total,KC,False,under,86.56220115886039,Strong,False,-110.0,1.0,0.9090909090909091,win,
enhanced_gbm,2024_04_BUF_BAL,2024,4,ats,BAL,True,,91.91612696718201,Elite,False,-112.0,1.0,0.8928571428571429,win,
enhanced_gbm,2024_04_BUF_BAL,2024,4,moneyline,BAL,True,,91.91612696718201,Elite,False,-135.0,1.0,0.7407407407407407,win,0.34469318456543707
enhanced_gbm,2024_04_BUF_BAL,2024,4,total,BAL,True,over,91.91612696718201,Elite,False,-110.0,1.0,-1.0,loss,
enhanced_gbm,2024_04_SEA_DET,2024,4,ats,DET,True,,79.56493983964393,Moderate,False,-112.0,1.0,0.8928571428571429,win,
enhanced_gbm,2024_04_SEA_DET,2024,4,moneyline,DET,True,,79.56493983964393,Moderate,False,-185.0,1.0,0.5405405405405406,win,0.14652659137889545
enhanced_gbm,2024_04_SEA_DET,2024,4,total,DET,True,under,79.56493983964393,Moderate,False,-110.0,1.0,-1.0,loss,
enhanced_gbm,2024_05_TB_ATL,2024,5,ats,ATL,True,,80.15403057595023,Strong,False,-118.0,1.0,0.847457627118644,win,
enhanced_gbm,2024_05_TB_ATL,2024,5,moneyline,ATL,True,,80.15403057595023,Strong,False,-142.0,1.0,0.704225352112676,win,0.21476344625537003
enhanced_gbm,2024_05_TB_ATL,2024,5,total,ATL,True,under,80.15403057595023,Strong,False,-110.0,1.0,-1.0,loss,
enhanced_gbm,2024_05_NYJ_MIN,2024,5,ats,NYJ,False,,71.13773521300759,Moderate,False,-105.0,1.0,-1.0,loss,
enhanced_gbm,2024_05_NYJ_MIN,2024,5,moneyline,NYJ,False,,71.13773521300759,Moderate,False,120.0,1.0,-1.0,loss,0.2568318975846214
enhanced_gbm,2024_05_NYJ_MIN,2024,5,total,NYJ,False,under,71.13773521300759,Moderate,False,-110.0,1.0,0.9090909090909091,win,
enhanced_gbm,2024_05_CLE_WAS,2024,5,ats,WAS,True,,75.34791917614965,Moderate,False,-108.0,1.0,0.9259259259259259,win,
enhanced_gbm,2024_05_CLE_WAS,2024,5,moneyline,WAS,True,,75.34791917614965,Moderate,False,-155.0,1.0,0.6451612903225806,win,0.14563605450659456
enhanced_gbm,2024_05_CLE_WAS,2024,5,total,WAS,True,over,75.34791917614965,Moderate,False,-110.0,1.0,0.9090909090909091,win,
enhanced_gbm,2024_05_IND_JAX,2024,5,ats,JAX,True,,75.56044673173031,Moderate,False,-110.0,1.0,-1.0,loss,
enhanced_gbm,2024_05_IND_JAX,2024,5,moneyline,JAX,True,,75.56044673173031,Moderate,False,-185.0,1.0,0.5405405405405406,win,0.10648166029975925
enhanced_gbm,2024_05_IND_JAX,2024,5,total,JAX,True,under,75.56044673173031,Moderate,False,-110.0,1.0,-1.0,loss,
enhanced_gbm,2024_05_ARI_SF,2024,5,ats,SF,True,,94.3862695861036,Elite,True,-115.0,1.0,-1.0,loss,
enhanced_gbm,2024_05_ARI_SF,2024,5,moneyline,SF,True,,94.3862695861036,Elite,True,-325.0,1.0,-1.0,loss,0.17915681350809476
enhanced_gbm,2024_05_LV_DEN,2024,5,ats,DEN,True,,77.06926577973843,Moderate,True,-108.0,1.0,0.9259259259259259,win,
enhanced_gbm,2024_05_LV_DEN,2024,5,moneyline,DEN,True,,77.06926577973843,Moderate,True,-155.0,1.0,0.6451612903225806,win,0.16284952054248236
enhanced_gbm,2024_06_JAX_CHI,2024,6,ats,JAX,False,,71.45728059602625,Moderate,False,-108.0,1.0,-1.0,loss,
enhanced_gbm,2024_06_JAX_CHI,2024,6,moneyline,JAX,False,,71.45728059602625,Moderate,False,-120.0,1.0,-1.0,loss,0.1691182605057171
enhanced_gbm,2024_06_CLE_PHI,2024,6,ats,PHI,True,,72.15825045383437,Moderate,True,-112.0,1.0,-1.0,loss,
enhanced_gbm,2024_06_IND_TEN,2024,6,ats,IND,False,,72.06549337955617,Moderate,False,-110.0,1.0,0.9090909090909091,win,
enhanced_gbm,2024_06_IND_TEN,2024,6,moneyline,IND,False,,72.06549337955617,Moderate,False,114.0,1.0,1.14,win,0.25336521416939345
enhanced_gbm,2024_06_IND_TEN,2024,6,total,IND,False,over,72.06549337955617,Moderate,False,-110.0,1.0,-1.0,loss,
enhanced_gbm,2024_06_WAS_BAL,2024,6,ats,BAL,True,,83.17144734102393,Strong,False,-112.0,1.0,0.8928571428571429,win,
enhanced_gbm,2024_06_WAS_BAL,2024,6,moneyline,BAL,True,,83.17144734102393,Strong,False,-285.0,1.0,0.3508771929824561,win,0.09145473315049901
enhanced_gbm,2024_06_WAS_BAL,2024,6,total,BAL,True,over,83.17144734102393,Strong,False,-110.0,1.0,0.9090909090909091,win,
enhanced_gbm,2024_06_LAC_DEN,2024,6,ats,DEN,True,,90.1137286159085,Elite,False,-115.0,1.0,-1.0,loss,
enhanced_gbm,2024_06_LAC_DEN,2024,6,moneyline,DEN,True,,90.1137286159085,Elite,False,130.0,1.0,-1.0,loss,0.4663546774634328
enhanced_gbm,2024_06_LAC_DEN,2024,6,total,DEN,True,under,90.1137286159085,Elite,False,-110.0,1.0,-1.0,loss,
enhanced_gbm,2024_06_PIT_LV,2024,6,ats,PIT,False,,82.83243078227596,Strong,True,-110.0,1.0,0.9090909090909091,win,
enhanced_gbm,2024_06_PIT_LV,2024,6,moneyline,PIT,False,,82.83243078227596,Strong,True,-180.0,1.0,0.5555555555555556,win,0.18546716496561666
enhanced_gbm,2024_06_PIT_LV,2024,6,total,PIT,False,over,82.83243078227596,Strong,True,-110.0,1.0,0.9090909090909091,win,
enhanced_gbm,2024_06_ATL_CAR,2024,6,ats,ATL,False,,91.28803536109423,Elite,True,-112.0,1.0,0.8928571428571429,win,
enhanced_gbm,2024_06_ATL_CAR,2024,6,moneyline,ATL,False,,91.28803536109423,Elite,True,-258.0,1.0,0.3875968992248062,win,0.19220996254948985
enhanced_gbm,2024_06_ATL_CAR,2024,6,total,ATL,False,over,91.28803536109423,Elite,True,-110.0,1.0,0.9090909090909091,win,
enhanced_gbm,2024_06_DET_DAL,2024,6,ats,DET,False,,82.46126021112399,Strong,True,-105.0,1.0,0.9523809523809523,win,
enhanced_gbm,2024_06_DET_DAL,2024,6,moneyline,DET,False,,82.46126021112399,Strong,True,-180.0,1.0,0.5555555555555556,win,0.18175545925409697
enhanced_gbm,2024_06_DET_DAL,2024,6,total,DET,False,under,82.46126021112399,Strong,True,-110.0,1.0,-1.0,loss,
enhanced_gbm,2024_06_CIN_NYG,2024,6,ats,CIN,False,,77.66273485012708,Moderate,False,-112.0,1.0,0.8928571428571429,win,
enhanced_gbm,2024_06_CIN_NYG,2024,6,moneyline,CIN,False,,77.66273485012708,Moderate,False,-230.0,1.0,0.43478260869565216,win,0.07965765153157378
enhanced_gbm,2024_06_CIN_NYG,2024,6,total,CIN,False,over,77.66273485012708,Moderate,False,-110.0,1.0,-1.0,loss,
enhanced_gbm,2024_07_DEN_NO,2024,7,ats,DEN,False,,78.58764188133634,Moderate,False,-118.0,1.0,0.847457627118644,win,
enhanced_gbm,2024_07_DEN_NO,2024,7,moneyline,DEN,False,,78.58764188133634,Moderate,False,-148.0,1.0,0.6756756756756757,win,0.18910222526497622
enhanced_gbm,2024_07_DEN_NO,2024,7,total,DEN,False,over,78.58764188133634,Moderate,False,-110.0,1.0,0.9090909090909091,win,
enhanced_gbm,2024_07_CIN_CLE,2024,7,ats,CIN,False,,95.03208249042751,Elite,True,-110.0,1.0,0.9090909090909091,win,
enhanced_gbm,2024_07_CIN_CLE,2024,7,moneyline,CIN,False,,95.03208249042751,Elite,True,-230.0,1.0,0.43478260869565216,win,0.25335112793457815
enhanced_gbm,2024_07_CIN_CLE,2024,7,total,CIN,False,over,95.03208249042751,Elite,True,-110.0,1.0,-1.0,loss,
enhanced_gbm,2024_07_DET_MIN,2024,7,ats,DET,False,,75.00511131615916,Moderate,False,-108.0,1.0,0.9259259259259259,win,
enhanced_gbm,2024_07_DET_MIN,2024,7,moneyline,DET,False,,75.00511131615916,Moderate,False,-102.0,1.0,0.9803921568627451,win,0.2451006181120866
enhanced_gbm,2024_07_DET_MIN,2024,7,total,DET,False,under,75.00511131615916,Moderate,False,-110.0,1.0,-1.0,loss,
enhanced_gbm,2024_07_TEN_BUF,2024,7,ats,BUF,True,,76.07932360389344,Moderate,True,-110.0,1.0,0.9090909090909091,win,
enhanced_gbm,2024_07_TEN_BUF,2024,7,total,BUF,True,over,76.07932360389344,Moderate,True,-110.0,1.0,0.9090909090909091,win,
enhanced_gbm,2024_07_CAR_WAS,2024,7,ats,WAS,True,,83.4722896812999,Strong,True,-120.0,1.0,0.8333333333333334,win,
enhanced_gbm,2024_07_CAR_WAS,2024,7,total,WAS,True,over,83.4722896812999,Strong,True,-110.0,1.0,-1.0,loss,
enhanced_gbm,2024_07_LV_LA,2024,7,ats,LA,True,,84.85980269260003,Strong,True,-115.0,1.0,-1.0,loss,
enhanced_gbm,2024_07_LV_LA,2024,7,moneyline,LA,True,,84.85980269260003,Strong,True,-355.0,1.0,0.28169014084507044,win,0.06837824670622006
enhanced_gbm,2024_07_LV_LA,2024,7,total,LA,True,over,84.85980269260003,Strong,True,-110.0,1.0,-1.0,loss,
enhanced_gbm,2024_07_NYJ_PIT,2024,7,ats,NYJ,False,,78.6956774268325,Moderate,False,-108.0,1.0,-1.0,loss,
enhanced_gbm,2024_07_NYJ_PIT,2024,7,moneyline,NYJ,False,,78.6956774268325,Moderate,False,-166.0,1.0,-1.0,loss,0.16289662389238513
enhanced_gbm,2024_07_NYJ_PIT,2024,7,total,NYJ,False,under,78.6956774268325,Moderate,False,-110.0,1.0,-1.0,loss,
enhanced_gbm,2024_08_BAL_CLE,2024,8,ats,BAL,False,,76.63871162100247,Moderate,True,-110.0,1.0,-1.0,loss,
enhanced_gbm,2024_08_BAL_CLE,2024,8,total,BAL,False,over,76.63871162100247,Moderate,True,-110.0,1.0,0.9090909090909091,win,
enhanced_gbm,2024_08_GB_JAX,2024,8,ats,JAX,True,,71.95697330250512,Moderate,False,-105.0,1.0,0.9523809523809523,win,
enhanced_gbm,2024_08_GB_JAX,2024,8,moneyline,JAX,True,,71.95697330250512,Moderate,False,160.0,1.0,-1.0,loss,0.3349543484096666
enhanced_gbm,2024_08_GB_JAX,2024,8,total,JAX,True,under,71.95697330250512,Moderate,False,-110.0,1.0,-1.0,loss,
enhanced_gbm,2024_08_NYJ_NE,2024,8,ats,NYJ,False,,85.75290722466201,Strong,True,-110.0,1.0,-1.0,loss,
enhanced_gbm,2024_08_NYJ_NE,2024,8,moneyline,NYJ,False,,85.75290722466201,Strong,True,-305.0,1.0,-1.0,loss,0.10444265249353368
enhanced_gbm,2024_08_NYJ_NE,2024,8,total,NYJ,False,under,85.75290722466201,Strong,True,-110.0,1.0,-1.0,loss,
enhanced_gbm,2024_08_TEN_DET,2024,8,ats,DET,True,,94.17957055115167,Elite,True,-115.0,1.0,0.8695652173913043,win,
enhanced_gbm,2024_08_TEN_DET,2024,8,moneyline,DET,True,,94.17957055115167,Elite,True,-800.0,1.0,0.125,win,0.05290681662262786
enhanced_gbm,2024_08_TEN_DET,2024,8,total,DET,True,over,94.17957055115167,Elite,True,-110.0,1.0,0.9090909090909091,win,
enhanced_gbm,2024_08_CAR_DEN,2024,8,ats,DEN,True,,87.07829454337302,Strong,True,-110.0,1.0,0.9090909090909091,win,
enhanced_gbm,2024_08_CAR_DEN,2024,8,total,DEN,True,over,87.07829454337302,Strong,True,-110.0,1.0,0.9090909090909091,win,
enhanced_gbm,2024_08_KC_LV,2024,8,ats,KC,False,,84.5344308514943,Strong,True,-112.0,1.0,-1.0,loss,
enhanced_gbm,2024_08_KC_LV,2024,8,moneyline,KC,False,,84.5344308514943,Strong,True,-440.0,1.0,0.22727272727272727,win,0.030529493700128252
enhanced_gbm,2024_08_DAL_SF,2024,8,ats,SF,True,,85.73870901519274,Strong,True,-115.0,1.0,0.8695652173913043,win,
enhanced_gbm,2024_08_DAL_SF,2024,8,moneyline,SF,True,,85.73870901519274,Strong,True,-238.0,1.0,0.42016806722689076,win,0.1532450783176078
enhanced_gbm,2024_09_DEN_BAL,2024,9,ats,BAL,True,,93.39040516360453,Elite,True,-105.0,1.0,0.9523809523809523,win,
enhanced_gbm,2024_09_DEN_BAL,2024,9,moneyline,BAL,True,,93.39040516360453,Elite,True,-440.0,1.0,0.22727272727272727,win,0.11908923682123052
enhanced_gbm,2024_09_MIA_BUF,2024,9,ats,BUF,True,,71.70116678316005,Moderate,True,-110.0,1.0,-1.0,loss,
enhanced_gbm,2024_09_MIA_BUF,2024,9,total,BUF,True,under,71.70116678316005,Moderate,True,-110.0,1.0,-1.0,loss,
enhanced_gbm,2024_09_NO_CAR,2024,9,ats,NO,False,,86.42417136294776,Strong,True,-118.0,1.0,-1.0,loss,
enhanced_gbm,2024_09_NO_CAR,2024,9,moneyline,NO,False,,86.42417136294776,Strong,True,-345.0,1.0,-1.0,loss,0.08896081475307316
enhanced_gbm,2024_09_NO_CAR,2024,9,total,NO,False,over,86.42417136294776,Strong,True,-110.0,1.0,0.9090909090909091,win,
enhanced_gbm,2024_09_IND_MIN,2024,9,ats,MIN,True,,70.08596016001158,Moderate,True,-110.0,1.0,0.9090909090909091,win,
enhanced_gbm,2024_09_IND_MIN,2024,9,total,MIN,True,under,70.08596016001158,Moderate,True,-110.0,1.0,0.9090909090909091,win,
enhanced_gbm,2024_09_TB_KC,2024,9,ats,KC,True,,89.32566417414812,Strong,True,-110.0,1.0,-1.0,loss,
enhanced_gbm,2024_09_TB_KC,2024,9,moneyline,KC,True,,89.32566417414812,Strong,True,-425.0,1.0,0.23529411764705882,win,0.08373283221767158
enhanced_gbm,2024_09_TB_KC,2024,9,total,KC,True,over,89.32566417414812,Strong,True,-110.0,1.0,0.9090909090909091,win,
enhanced_gbm,2024_10_NYG_CAR,2024,10,ats,NYG,False,,85.78107452093629,Strong,True,-118.0,1.0,-1.0,loss,
enhanced_gbm,2024_10_NYG_CAR,2024,10,moneyline,NYG,False,,85.78107452093629,Strong,True,-298.0,1.0,-1.0,loss,0.109067026616398
enhanced_gbm,2024_10_NYG_CAR,2024,10,total,NYG,False,over,85.78107452093629,Strong,True,-110.0,1.0,-1.0,loss,
enhanced_gbm,2024_10_DEN_KC,2024,10,ats,KC,True,,84.7552428113743,Strong,True,-105.0,1.0,-1.0,loss,
enhanced_gbm,2024_10_DEN_KC,2024,10,moneyline,KC,True,,84.7552428113743,Strong,True,-380.0,1.0,0.2631578947368421,win,0.055885761447076354
enhanced_gbm,2024_10_DEN_KC,2024,10,total,KC,True,under,84.7552428113743,Strong,True,-110.0,1.0,0.9090909090909091,win,
enhanced_gbm,2024_10_NE_CHI,2024,10,ats,CHI,True,,85.06504248054931,Strong,True,-110.0,1.0,-1.0,loss,
enhanced_gbm,2024_10_NE_CHI,2024,10,moneyline,CHI,True,,85.06504248054931,Strong,True,-325.0,1.0,-1.0,loss,0.08594454245255201
enhanced_gbm,2024_10_NE_CHI,2024,10,total,CHI,True,over,85.06504248054931,Strong,True,-110.0,1.0,-1.0,loss,
enhanced_gbm,2024_10_PIT_WAS,2024,10,ats,WAS,True,,73.91064659647414,Moderate,False,-110.0,1.0,-1.0,loss,
enhanced_gbm,2024_10_PIT_WAS,2024,10,moneyline,WAS,True,,73.91064659647414,Moderate,False,-122.0,1.0,-1.0,loss,0.1895569164151918
enhanced_gbm,2024_10_SF_TB,2024,10,ats,SF,False,,93.58967298193896,Elite,True,-118.0,1.0,-1.0,loss,
enhanced_gbm,2024_10_SF_TB,2024,10,moneyline,SF,False,,93.58967298193896,Elite,True,-298.0,1.0,0.33557046979865773,win,0.1871530112264247
enhanced_gbm,2024_10_SF_TB,2024,10,total,SF,False,over,93.58967298193896,Elite,True,-110.0,1.0,-1.0,loss,
enhanced_gbm,2024_10_TEN_LAC,2024,10,ats,LAC,True,,73.90742079834583,Moderate,True,-112.0,1.0,0.8928571428571429,win,
enhanced_gbm,2024_10_TEN_LAC,2024,10,total,LAC,True,under,73.90742079834583,Moderate,True,-110.0,1.0,-1.0,loss,
enhanced_gbm,2024_10_PHI_DAL,2024,10,ats,PHI,False,,81.0576911307003,Strong,True,-108.0,1.0,0.9259259259259259,win,
enhanced_gbm,2024_10_PHI_DAL,2024,10,moneyline,PHI,False,,81.0576911307003,Strong,True,-360.0,1.0,0.2777777777777778,win,0.0279682156548291
enhanced_gbm,2024_10_PHI_DAL,2024,10,total,PHI,False,over,81.0576911307003,Strong,True,-110.0,1.0,-1.0,loss,
enhanced_gbm,2024_11_GB_CHI,2024,11,ats,GB,False,,89.6718821506554,Strong,True,-115.0,1.0,-1.0,loss,
enhanced_gbm,2024_11_GB_CHI,2024,11,moneyline,GB,False,,89.6718821506554,Strong,True,-265.0,1.0,0.37735849056603776,win,0.17069142424628003
enhanced_gbm,2024_11_GB_CHI,2024,11,total,GB,False,over,89.6718821506554,Strong,True,-110.0,1.0,-1.0,loss,
enhanced_gbm,2024_11_JAX_DET,2024,11,ats,DET,True,,95.27260342662736,Elite,True,-115.0,1.0,0.8695652173913043,win,
enhanced_gbm,2024_11_JAX_DET,2024,11,moneyline,DET,True,,95.27260342662736,Elite,True,-1000.0,1.0,0.1,win,0.0436351251753645
enhanced_gbm,2024_11_JAX_DET,2024,11,total,DET,True,over,95.27260342662736,Elite,True,-110.0,1.0,0.9090909090909091,win,
enhanced_gbm,2024_11_LV_MIA,2024,11,ats,MIA,True,,84.27081752601305,Strong,True,-115.0,1.0,0.8695652173913043,win,
enhanced_gbm,2024_11_LV_MIA,2024,11,moneyline,MIA,True,,84.27081752601305,Strong,True,-425.0,1.0,0.23529411764705882,win,0.03318436573632089
enhanced_gbm,2024_11_MIN_TEN,2024,11,ats,MIN,False,,75.9368449658873,Moderate,True,-118.0,1.0,0.847457627118644,win,
enhanced_gbm,2024_11_MIN_TEN,2024,11,moneyline,MIN,False,,75.9368449658873,Moderate,True,-290.0,1.0,0.3448275862068966,win,0.015778706069129456
enhanced_gbm,2024_11_MIN_TEN,2024,11,total,MIN,False,over,75.9368449658873,Moderate,True,-110.0,1.0,-1.0,loss,
enhanced_gbm,2024_11_SEA_SF,2024,11,ats,SF,True,,73.60525437514241,Moderate,True,-110.0,1.0,-1.0,loss,
enhanced_gbm,2024_11_SEA_SF,2024,11,moneyline,SF,True,,73.60525437514241,Moderate,True,-265.0,1.0,-1.0,loss,0.010025146491150161
enhanced_gbm,2024_11_CIN_LAC,2024,11,ats,CIN,False,,84.4739317369384,Strong,False,-118.0,1.0,-1.0,loss,
enhanced_gbm,2024_11_CIN_LAC,2024,11,moneyline,CIN,False,,84.4739317369384,Strong,False,-110.0,1.0,-1.0,loss,0.3209297935598602
enhanced_gbm,2024_11_CIN_LAC,2024,11,total,CIN,False,under,84.4739317369384,Strong,False,-110.0,1.0,-1.0,loss,
enhanced_gbm,2024_12_DAL_WAS,2024,12,ats,WAS,True,,91.95455454319071,Elite,True,-108.0,1.0,-1.0,loss,
enhanced_gbm,2024_12_DAL_WAS,2024,12,moneyline,WAS,True,,91.95455454319071,Elite,True,-625.0,1.0,-1.0,loss,0.057476579914665815
enhanced_gbm,2024_12_DAL_WAS,2024,12,total,WAS,True,over,91.95455454319071,Elite,True,-110.0,1.0,0.9090909090909091,win,
enhanced_gbm,2024_12_NE_MIA,2024,12,ats,MIA,True,,74.69090692545126,Moderate,True,-105.0,1.0,0.9523809523809523,win,
enhanced_gbm,2024_12_NE_MIA,2024,12,total,MIA,True,under,74.69090692545126,Moderate,True,-110.0,1.0,-1.0,loss,
enhanced_gbm,2024_12_TB_NYG,2024,12,ats,TB,False,,88.40559996882132,Strong,True,-108.0,1.0,0.9259259259259259,win,
enhanced_gbm,2024_12_TB_NYG,2024,12,moneyline,TB,False,,88.40559996882132,Strong,True,-298.0,1.0,0.33557046979865773,win,0.1353122810952484
enhanced_gbm,2024_12_TB_NYG,2024,12,total,TB,False,over,88.40559996882132,Strong,True,-110.0,1.0,-1.0,loss,
enhanced_gbm,2024_12_TEN_HOU,2024,12,ats,HOU,True,,87.3687727958703,Strong,True,-108.0,1.0,-1.0,loss,
enhanced_gbm,2024_12_TEN_HOU,2024,12,moneyline,HOU,True,,87.3687727958703,Strong,True,-375.0,1.0,-1.0,loss,0.08421404374817665
enhanced_gbm,2024_12_TEN_HOU,2024,12,total,HOU,True,over,87.3687727958703,Strong,True,-110.0,1.0,0.9090909090909091,win,
enhanced_gbm,2024_12_DEN_LV,2024,12,ats,DEN,False,,80.58212518656391,Strong,True,-105.0,1.0,0.9523809523809523,win,
enhanced_gbm,2024_12_DEN_LV,2024,12,moneyline,DEN,False,,80.58212518656391,Strong,True,-278.0,1.0,0.3597122302158273,win,0.07037151641590367
enhanced_gbm,2024_12_DEN_LV,2024,12,total,DEN,False,over,80.58212518656391,Strong,True,-110.0,1.0,0.9090909090909091,win,
enhanced_gbm,2024_12_SF_GB,2024,12,ats,GB,True,,71.74429094832,Moderate,False,-108.0,1.0,0.9259259259259259,win,
enhanced_gbm,2024_12_SF_GB,2024,12,total,GB,True,over,71.74429094832,Moderate,False,-110.0,1.0,0.9090909090909091,win,
enhanced_gbm,2024_12_PHI_LA,2024,12,ats,PHI,False,,73.24435235086007,Moderate,True,-112.0,1.0,0.8928571428571429,win,
enhanced_gbm,2024_12_PHI_LA,2024,12,moneyline,PHI,False,,73.24435235086007,Moderate,True,-170.0,1.0,0.5882352941176471,win,0.102813893878971
enhanced_gbm,2024_12_PHI_LA,2024,12,total,PHI,False,under,73.24435235086007,Moderate,True,-110.0,1.0,-1.0,loss,
enhanced_gbm,2024_12_BAL_LAC,2024,12,ats,BAL,False,,70.00010139115174,Moderate,True,-110.0,1.0,0.9090909090909091,win,
enhanced_gbm,2024_12_BAL_LAC,2024,12,moneyline,BAL,False,,70.00010139115174,Moderate,True,-166.0,1.0,0.6024096385542169,win,0.07594086353557761
enhanced_gbm,2024_12_BAL_LAC,2024,12,total,BAL,False,under,70.00010139115174,Moderate,True,-110.0,1.0,-1.0,loss,
enhanced_gbm,2024_13_CHI_DET,2024,13,ats,DET,True,,76.04610730944779,Moderate,True,-118.0,1.0,-1.0,loss,
enhanced_gbm,2024_13_CHI_DET,2024,13,total,DET,True,under,76.04610730944779,Moderate,True,-110.0,1.0,0.9090909090909091,win,
enhanced_gbm,2024_13_LV_KC,2024,13,ats,KC,True,,91.11101291433562,Elite,True,-112.0,1.0,-1.0,loss,
enhanced_gbm,2024_13_LV_KC,2024,13,moneyline,KC,True,,91.11101291433562,Elite,True,-800.0,1.0,0.125,win,0.022221240254467367
enhanced_gbm,2024_13_LV_KC,2024,13,total,KC,True,over,91.11101291433562,Elite,True,-110.0,1.0,-1.0,loss,
enhanced_gbm,2024_13_PIT_CIN,2024,13,ats,CIN,True,,80.99921846414287,Strong,False,-110.0,1.0,-1.0,loss,
enhanced_gbm,2024_13_PIT_CIN,2024,13,moneyline,CIN,True,,80.99921846414287,Strong,False,-155.0,1.0,-1.0,loss,0.20214904738652684
enhanced_gbm,2024_13_TEN_WAS,2024,13,ats,WAS,True,,70.8566499747227,Moderate,True,-108.0,1.0,0.9259259259259259,win,
enhanced_gbm,2024_13_TEN_WAS,2024,13,total,WAS,True,over,70.8566499747227,Moderate,True,-110.0,1.0,0.9090909090909091,win,
enhanced_gbm,2024_13_TB_CAR,2024,13,ats,TB,False,,78.59643276822706,Moderate,True,-115.0,1.0,-1.0,loss,
enhanced_gbm,2024_13_TB_CAR,2024,13,moneyline,TB,False,,78.59643276822706,Moderate,True,-290.0,1.0,0.3448275862068966,win,0.042374584092526923
enhanced_gbm,2024_13_TB_CAR,2024,13,total,TB,False,over,78.59643276822706,Moderate,True,-110.0,1.0,0.9090909090909091,win,
enhanced_gbm,2024_13_SF_BUF,2024,13,ats,BUF,True,,70.0337395481818,Moderate,True,-118.0,1.0,0.847457627118644,win,
enhanced_gbm,2024_13_SF_BUF,2024,13,total,BUF,True,over,70.0337395481818,Moderate,True,-110.0,1.0,0.0,push,
enhanced_gbm,2024_13_CLE_DEN,2024,13,ats,DEN,True,,82.50804672704896,Strong,True,-112.0,1.0,0.8928571428571429,win,
enhanced_gbm,2024_13_CLE_DEN,2024,13,moneyline,DEN,True,,82.50804672704896,Strong,True,-290.0,1.0,0.3448275862068966,win,0.08149072368074606
enhanced_gbm,2024_13_CLE_DEN,2024,13,total,DEN,True,under,82.50804672704896,Strong,True,-110.0,1.0,-1.0,loss,
enhanced_gbm,2024_14_CAR_PHI,2024,14,ats,PHI,True,,96.92472011768652,Elite,True,-108.0,1.0,-1.0,loss,
enhanced_gbm,2024_14_CAR_PHI,2024,14,moneyline,PHI,True,,96.92472011768652,Elite,True,-950.0,1.0,0.10526315789473684,win,0.06448529641496048
enhanced_gbm,2024_14_CAR_PHI,2024,14,total,PHI,True,over,96.92472011768652,Elite,True,-110.0,1.0,-1.0,loss,
enhanced_gbm,2024_14_CLE_PIT,2024,14,ats,PIT,True,,84.47999871608054,Strong,True,-108.0,1.0,0.9259259259259259,win,
enhanced_gbm,2024_14_CLE_PIT,2024,14,moneyline,PIT,True,,84.47999871608054,Strong,True,-258.0,1.0,0.3875968992248062,win,0.12412959609935303
enhanced_gbm,2024_14_LV_TB,2024,14,ats,TB,True,,79.39122539855181,Moderate,True,-105.0,1.0,0.9523809523809523,win,
enhanced_gbm,2024_14_LV_TB,2024,14,moneyline,TB,True,,79.39122539855181,Moderate,True,-325.0,1.0,0.3076923076923077,win,0.029206371632577
enhanced_gbm,2024_14_LV_TB,2024,14,total,TB,True,over,79.39122539855181,Moderate,True,-110.0,1.0,-1.0,loss,
enhanced_gbm,2024_14_NYJ_MIA,2024,14,ats,MIA,True,,70.6621015718798,Moderate,False,-112.0,1.0,-1.0,loss,
enhanced_gbm,2024_14_NYJ_MIA,2024,14,total,MIA,True,under,70.6621015718798,Moderate,False,-110.0,1.0,-1.0,loss,
enhanced_gbm,2024_14_SEA_ARI,2024,14,ats,ARI,True,,70.8766913871784,Moderate,False,-115.0,1.0,-1.0,loss,
enhanced_gbm,2024_14_SEA_ARI,2024,14,moneyline,ARI,True,,70.8766913871784,Moderate,False,-175.0,1.0,-1.0,loss,0.07240327750814768
enhanced_gbm,2024_14_SEA_ARI,2024,14,total,ARI,True,under,70.8766913871784,Moderate,False,-110.0,1.0,-1.0,loss,
enhanced_gbm,2024_14_BUF_LA,2024,14,ats,BUF,False,,73.67570790076618,Moderate,True,-118.0,1.0,-1.0,loss,
enhanced_gbm,2024_14_BUF_LA,2024,14,moneyline,BUF,False,,73.67570790076618,Moderate,True,-192.0,1.0,-1.0,loss,0.07922283243231942
enhanced_gbm,2024_14_BUF_LA,2024,14,total,BUF,False,under,73.67570790076618,Moderate,True,-110.0,1.0,-1.0,loss,
enhanced_gbm,2024_14_CHI_SF,2024,14,ats,SF,True,,90.95631282011884,Elite,True,-110.0,1.0,0.9090909090909091,win,
enhanced_gbm,2024_14_CHI_SF,2024,14,moneyline,SF,True,,90.95631282011884,Elite,True,-162.0,1.0,0.6172839506172839,win,0.2912425175141655
enhanced_gbm,2024_14_CIN_DAL,2024,14,ats,CIN,False,,84.48707220439302,Strong,True,-110.0,1.0,0.9090909090909091,win,
enhanced_gbm,2024_14_CIN_DAL,2024,14,moneyline,CIN,False,,84.48707220439302,Strong,True,-230.0,1.0,0.43478260869565216,win,0.14790102507423308
enhanced_gbm,2024_14_CIN_DAL,2024,14,total,CIN,False,over,84.48707220439302,Strong,True,-110.0,1.0,-1.0,loss,
enhanced_gbm,2024_15_BAL_NYG,2024,15,ats,BAL,False,,78.36832029512773,Moderate,True,-112.0,1.0,0.8928571428571429,win,
enhanced_gbm,2024_15_BAL_NYG,2024,15,total,BAL,False,over,78.36832029512773,Moderate,True,-110.0,1.0,0.9090909090909091,win,
enhanced_gbm,2024_15_CIN_TEN,2024,15,ats,CIN,False,,87.80228704908967,Strong,False,-110.0,1.0,0.9090909090909091,win,
enhanced_gbm,2024_15_CIN_TEN,2024,15,moneyline,CIN,False,,87.80228704908967,Strong,False,-250.0,1.0,0.4,win,0.16373715620518237
enhanced_gbm,2024_15_CIN_TEN,2024,15,total,CIN,False,over,87.80228704908967,Strong,False,-110.0,1.0,0.9090909090909091,win,
enhanced_gbm,2024_15_MIA_HOU,2024,15,ats,MIA,False,,80.14032150337249,Strong,False,-105.0,1.0,-1.0,loss,
enhanced_gbm,2024_15_MIA_HOU,2024,15,moneyline,MIA,False,,80.14032150337249,Strong,False,130.0,1.0,-1.0,loss,0.36662060633807275
enhanced_gbm,2024_15_MIA_HOU,2024,15,total,MIA,False,under,80.14032150337249,Strong,False,-110.0,1.0,0.9090909090909091,win,
enhanced_gbm,2024_15_WAS_NO,2024,15,ats,WAS,False,,83.37239773077837,Strong,True,-112.0,1.0,-1.0,loss,
enhanced_gbm,2024_15_WAS_NO,2024,15,moneyline,WAS,False,,83.37239773077837,Strong,True,-375.0,1.0,0.26666666666666666,win,0.044250293097257476
enhanced_gbm,2024_15_WAS_NO,2024,15,total,WAS,False,over,83.37239773077837,Strong,True,-110.0,1.0,-1.0,loss,
enhanced_gbm,2024_15_IND_DEN,2024,15,ats,DEN,True,,87.69239673498669,Strong,True,-115.0,1.0,0.8695652173913043,win,
enhanced_gbm,2024_15_IND_DEN,2024,15,moneyline,DEN,True,,87.69239673498669,Strong,True,-238.0,1.0,0.42016806722689076,win,0.17278195551554731
enhanced_gbm,2024_15_IND_DEN,2024,15,total,DEN,True,under,87.69239673498669,Strong,True,-110.0,1.0,-1.0,loss,
enhanced_gbm,2024_15_NE_ARI,2024,15,ats,ARI,True,,89.87102486601738,Strong,True,-112.0,1.0,0.8928571428571429,win,
enhanced_gbm,2024_15_NE_ARI,2024,15,moneyline,ARI,True,,89.87102486601738,Strong,True,-258.0,1.0,0.3875968992248062,win,0.17803985759872132
enhanced_gbm,2024_15_NE_ARI,2024,15,total,ARI,True,under,89.87102486601738,Strong,True,-110.0,1.0,-1.0,loss,
enhanced_gbm,2024_15_PIT_PHI,2024,15,ats,PHI,True,,82.95986460108827,Strong,True,-110.0,1.0,0.9090909090909091,win,
enhanced_gbm,2024_15_PIT_PHI,2024,15,moneyline,PHI,True,,82.95986460108827,Strong,True,-265.0,1.0,0.37735849056603776,win,0.10357124875060875
enhanced_gbm,2024_15_CHI_MIN,2024,15,ats,MIN,True,,90.40562524940377,Elite,True,-105.0,1.0,0.9523809523809523,win,
enhanced_gbm,2024_15_CHI_MIN,2024,15,moneyline,MIN,True,,90.40562524940377,Elite,True,-325.0,1.0,0.3076923076923077,win,0.13935037014109664
enhanced_gbm,2024_15_ATL_LV,2024,15,ats,ATL,False,,84.99478584919382,Strong,True,-110.0,1.0,-1.0,loss,
enhanced_gbm,2024_15_ATL_LV,2024,15,moneyline,ATL,False,,84.99478584919382,Strong,True,-345.0,1.0,0.2898550724637681,win,0.07466695961553371
enhanced_gbm,2024_15_ATL_LV,2024,15,total,ATL,False,over,84.99478584919382,Strong,True,-110.0,1.0,-1.0,loss,
enhanced_gbm,2024_16_HOU_KC,2024,16,ats,KC,True,,78.78752082739994,Moderate,True,100.0,1.0,1.0,win,
enhanced_gbm,2024_16_HOU_KC,2024,16,moneyline,KC,True,,78.78752082739994,Moderate,True,-180.0,1.0,0.5555555555555556,win,0.14501806541685658
enhanced_gbm,2024_16_PIT_BAL,2024,16,ats,BAL,True,,94.61846968504585,Elite,True,-105.0,1.0,0.9523809523809523,win,
enhanced_gbm,2024_16_PIT_BAL,2024,16,moneyline,BAL,True,,94.61846968504585,Elite,True,-345.0,1.0,0.2898550724637681,win,0.17090379797405397
enhanced_gbm,2024_16_PIT_BAL,2024,16,total,BAL,True,over,94.61846968504585,Elite,True,-110.0,1.0,0.9090909090909091,win,
enhanced_gbm,2024_16_ARI_CAR,2024,16,ats,ARI,False,,91.75866994271547,Elite,True,-110.0,1.0,-1.0,loss,
enhanced_gbm,2024_16_ARI_CAR,2024,16,moneyline,ARI,False,,91.75866994271547,Elite,True,-245.0,1.0,-1.0,loss,0.20744177189092272
enhanced_gbm,2024_16_ARI_CAR,2024,16,total,ARI,False,under,91.75866994271547,Elite,True,-110.0,1.0,-1.0,loss,
enhanced_gbm,2024_16_CLE_CIN,2024,16,ats,CIN,True,,79.65572265757507,Moderate,True,-112.0,1.0,0.8928571428571429,win,
enhanced_gbm,2024_16_CLE_CIN,2024,16,total,CIN,True,over,79.65572265757507,Moderate,True,-110.0,1.0,-1.0,loss,
enhanced_gbm,2024_16_LA_NYJ,2024,16,ats,LA,False,,81.11145551570152,Strong,False,-105.0,1.0,0.9523809523809523,win,
enhanced_gbm,2024_16_LA_NYJ,2024,16,moneyline,LA,False,,81.11145551570152,Strong,False,-162.0,1.0,0.6172839506172839,win,0.19279394446999232
enhanced_gbm,2024_16_LA_NYJ,2024,16,total,LA,False,under,81.11145551570152,Strong,False,-110.0,1.0,0.9090909090909091,win,
enhanced_gbm,2024_16_NYG_ATL,2024,16,ats,ATL,True,,83.05416486727303,Strong,True,-110.0,1.0,0.9090909090909091,win,
enhanced_gbm,2024_16_TEN_IND,2024,16,ats,IND,True,,77.6685900637439,Moderate,True,-108.0,1.0,0.9259259259259259,win,
enhanced_gbm,2024_16_TEN_IND,2024,16,moneyline,IND,True,,77.6685900637439,Moderate,True,-198.0,1.0,0.5050505050505051,win,0.11225637043609671
enhanced_gbm,2024_16_TEN_IND,2024,16,total,IND,True,over,77.6685900637439,Moderate,True,-110.0,1.0,0.9090909090909091,win,
enhanced_gbm,2024_16_JAX_LV,2024,16,ats,JAX,False,,72.71846379497165,Moderate,False,-110.0,1.0,-1.0,loss,
enhanced_gbm,2024_16_JAX_LV,2024,16,moneyline,JAX,False,,72.71846379497165,Moderate,False,110.0,1.0,-1.0,loss,0.2509941617592404
enhanced_gbm,2024_16_JAX_LV,2024,16,total,JAX,False,over,72.71846379497165,Moderate,False,-110.0,1.0,-1.0,loss,
enhanced_gbm,2024_16_NE_BUF,2024,16,ats,BUF,True,,95.61075639350496,Elite,True,-110.0,1.0,-1.0,loss,
enhanced_gbm,2024_16_NE_BUF,2024,16,moneyline,BUF,True,,95.61075639350496,Elite,True,-1100.0,1.0,0.09090909090909091,win,0.03944089726838296
enhanced_gbm,2024_16_NO_GB,2024,16,ats,GB,True,,97.81096425917046,Elite,True,-115.0,1.0,0.8695652173913043,win,
enhanced_gbm,2024_16_NO_GB,2024,16,moneyline,GB,True,,97.81096425917046,Elite,True,-950.0,1.0,0.10526315789473684,win,0.07334773782979986
enhanced_gbm,2024_16_NO_GB,2024,16,total,GB,True,over,97.81096425917046,Elite,True,-110.0,1.0,-1.0,loss,
enhanced_gbm,2024_17_BAL_HOU,2024,17,ats,BAL,False,,76.7935139268976,Moderate,True,-108.0,1.0,0.9259259259259259,win,
enhanced_gbm,2024_17_BAL_HOU,2024,17,moneyline,BAL,False,,76.7935139268976,Moderate,True,-245.0,1.0,0.40816326530612246,win,0.05779021173274412
enhanced_gbm,2024_17_BAL_HOU,2024,17,total,BAL,False,over,76.7935139268976,Moderate,True,-110.0,1.0,-1.0,loss,
enhanced_gbm,2024_17_SEA_CHI,2024,17,ats,SEA,False,,72.07440797146832,Moderate,False,-118.0,1.0,-1.0,loss,
enhanced_gbm,2024_17_SEA_CHI,2024,17,moneyline,SEA,False,,72.07440797146832,Moderate,False,-192.0,1.0,0.5208333333333334,win,0.0632098331393407
enhanced_gbm,2024_17_ARI_LA,2024,17,ats,LA,True,,74.84495644878534,Moderate,False,-120.0,1.0,-1.0,loss,
enhanced_gbm,2024_17_ARI_LA,2024,17,total,LA,True,under,74.84495644878534,Moderate,False,-110.0,1.0,0.9090909090909091,win,
enhanced_gbm,2024_17_CAR_TB,2024,17,ats,TB,True,,82.13324815881543,Strong,True,-115.0,1.0,0.8695652173913043,win,
enhanced_gbm,2024_17_CAR_TB,2024,17,total,TB,True,over,82.13324815881543,Strong,True,-110.0,1.0,0.9090909090909091,win,
enhanced_gbm,2024_17_DAL_PHI,2024,17,ats,PHI,True,,74.83755207657767,Moderate,False,-108.0,1.0,0.9259259259259259,win,
enhanced_gbm,2024_17_DAL_PHI,2024,17,total,PHI,True,over,74.83755207657767,Moderate,False,-110.0,1.0,0.9090909090909091,win,
enhanced_gbm,2024_17_IND_NYG,2024,17,ats,IND,False,,79.03155860531751,Moderate,False,-112.0,1.0,-1.0,loss,
enhanced_gbm,2024_17_IND_NYG,2024,17,total,IND,False,over,79.03155860531751,Moderate,False,-110.0,1.0,0.9090909090909091,win,
enhanced_gbm,2024_17_NYJ_BUF,2024,17,ats,BUF,True,,91.41985330510123,Elite,True,-115.0,1.0,0.8695652173913043,win,
enhanced_gbm,2024_17_NYJ_BUF,2024,17,moneyline,BUF,True,,91.41985330510123,Elite,True,-520.0,1.0,0.19230769230769232,win,0.07548885563165741
enhanced_gbm,2024_17_NYJ_BUF,2024,17,total,BUF,True,over,91.41985330510123,Elite,True,-110.0,1.0,0.9090909090909091,win,
enhanced_gbm,2024_17_MIA_CLE,2024,17,ats,MIA,False,,72.20153319847964,Moderate,False,-115.0,1.0,0.8695652173913043,win,
enhanced_gbm,2024_17_MIA_CLE,2024,17,moneyline,MIA,False,,72.20153319847964,Moderate,False,-170.0,1.0,0.5882352941176471,win,0.09238570235516674
enhanced_gbm,2024_17_MIA_CLE,2024,17,total,MIA,False,over,72.20153319847964,Moderate,False,-110.0,1.0,-1.0,loss,
enhanced_gbm,2024_18_CLE_BAL,2024,18,ats,BAL,True,,98.81480782588508,Elite,True,-115.0,1.0,0.8695652173913043,win,
enhanced_gbm,2024_18_CLE_BAL,2024,18,moneyline,BAL,True,,98.81480782588508,Elite,True,-2400.0,1.0,0.041666666666666664,win,0.028148078258850795
enhanced_gbm,2024_18_CLE_BAL,2024,18,total,BAL,True,over,98.81480782588508,Elite,True,-110.0,1.0,0.9090909090909091,win,
enhanced_gbm,2024_18_CAR_ATL,2024,18,ats,ATL,True,,78.37598894873847,Moderate,True,-115.0,1.0,-1.0,loss,
enhanced_gbm,2024_18_CHI_GB,2024,18,ats,GB,True,,84.76732513477448,Strong,True,-105.0,1.0,-1.0,loss,
enhanced_gbm,2024_18_CHI_GB,2024,18,moneyline,GB,True,,84.76732513477448,Strong,True,-410.0,1.0,-1.0,loss,0.04375168272029384
enhanced_gbm,2024_18_CHI_GB,2024,18,total,GB,True,over,84.76732513477448,Strong,True,-110.0,1.0,0.9090909090909091,win,
enhanced_gbm,2024_18_JAX_IND,2024,18,ats,IND,True,,83.03007880104367,Strong,False,-110.0,1.0,-1.0,loss,
enhanced_gbm,2024_18_JAX_IND,2024,18,moneyline,IND,True,,83.03007880104367,Strong,False,-180.0,1.0,0.5555555555555556,win,0.18744364515329381
enhanced_gbm,2024_18_NO_TB,2024,18,ats,TB,True,,97.68199424718216,Elite,True,-118.0,1.0,-1.0,loss,
enhanced_gbm,2024_18_NO_TB,2024,18,moneyline,TB,True,,97.68199424718216,Elite,True,-1050.0,1.0,0.09523809523809523,win,0.06377646421095207
enhanced_gbm,2024_18_NO_TB,2024,18,total,TB,True,over,97.68199424718216,Elite,True,-110.0,1.0,0.9090909090909091,win,
enhanced_gbm,2024_18_NYG_PHI,2024,18,ats,PHI,True,,81.58659825143765,Strong,False,-110.0,1.0,0.9090909090909091,win,
enhanced_gbm,2024_18_NYG_PHI,2024,18,moneyline,PHI,True,,81.58659825143765,Strong,False,-155.0,1.0,0.6451612903225806,win,0.20802284525947456
enhanced_gbm,2024_18_NYG_PHI,2024,18,total,PHI,True,over,81.58659825143765,Strong,False,-110.0,1.0,-1.0,loss,
enhanced_gbm,2024_18_WAS_DAL,2024,18,ats,WAS,False,,86.39313655499032,Strong,True,-108.0,1.0,-1.0,loss,
enhanced_gbm,2024_18_WAS_DAL,2024,18,moneyline,WAS,False,,86.39313655499032,Strong,True,-310.0,1.0,0.3225806451612903,win,0.10783380457429348
enhanced_gbm,2024_18_WAS_DAL,2024,18,total,WAS,False,over,86.39313655499032,Strong,True,-110.0,1.0,-1.0,loss,
enhanced_gbm,2024_18_KC_DEN,2024,18,ats,DEN,True,,84.47525237739212,Strong,False,-105.0,1.0,0.9523809523809523,win,
enhanced_gbm,2024_18_KC_DEN,2024,18,moneyline,DEN,True,,84.47525237739212,Strong,False,-485.0,1.0,0.20618556701030927,win,0.01569269471409218
enhanced_gbm,2024_18_KC_DEN,2024,18,total,DEN,True,over,84.47525237739212,Strong,False,-110.0,1.0,-1.0,loss,
enhanced_gbm,2024_18_LAC_LV,2024,18,ats,LAC,False,,76.60151489919308,Moderate,True,-118.0,1.0,0.847457627118644,win,
enhanced_gbm,2024_18_SEA_LA,2024,18,ats,SEA,False,,92.89127134580937,Elite,False,-110.0,1.0,-1.0,loss,
enhanced_gbm,2024_18_SEA_LA,2024,18,moneyline,SEA,False,,92.89127134580937,Elite,False,-360.0,1.0,0.2777777777777778,win,0.14630401780591973
enhanced_gbm,2024_18_SEA_LA,2024,18,total,SEA,False,over,92.89127134580937,Elite,False,-110.0,1.0,0.9090909090909091,win,
enhanced_gbm,2024_18_SF_ARI,2024,18,ats,ARI,True,,78.57991191071852,Moderate,False,-110.0,1.0,0.9090909090909091,win,
enhanced_gbm,2024_18_SF_ARI,2024,18,moneyline,ARI,True,,78.57991191071852,Moderate,False,-192.0,1.0,0.5208333333333334,win,0.12826487253184282
enhanced_gbm,2024_18_SF_ARI,2024,18,total,ARI,True,over,78.57991191071852,Moderate,False,-110.0,1.0,0.9090909090909091,win,
enhanced_gbm,2024_19_LAC_HOU,2024,19,ats,LAC,False,,73.77479408066463,Moderate,False,-105.0,1.0,-1.0,loss,
enhanced_gbm,2024_19_LAC_HOU,2024,19,moneyline,LAC,False,,73.77479408066463,Moderate,False,-162.0,1.0,-1.0,loss,0.11942733011962336
enhanced_gbm,2024_19_LAC_HOU,2024,19,total,LAC,False,over,73.77479408066463,Moderate,False,-110.0,1.0,0.9090909090909091,win,
enhanced_gbm,2024_19_PIT_BAL,2024,19,ats,BAL,True,,98.32245223745974,Elite,True,-108.0,1.0,0.9259259259259259,win,
enhanced_gbm,2024_19_PIT_BAL,2024,19,moneyline,BAL,True,,98.32245223745974,Elite,True,-520.0,1.0,0.19230769230769232,win,0.14451484495524258
enhanced_gbm,2024_19_PIT_BAL,2024,19,total,BAL,True,over,98.32245223745974,Elite,True,-110.0,1.0,-1.0,loss,
enhanced_gbm,2024_19_DEN_BUF,2024,19,ats,BUF,True,,80.65336206623445,Strong,False,-120.0,1.0,0.8333333333333334,win,
enhanced_gbm,2024_19_GB_PHI,2024,19,ats,PHI,True,,71.74256764824646,Moderate,True,-115.0,1.0,0.8695652173913043,win,
enhanced_gbm,2024_19_GB_PHI,2024,19,moneyline,PHI,True,,71.74256764824646,Moderate,True,-250.0,1.0,0.4,win,0.003139962196750279
enhanced_gbm,2024_19_MIN_LA,2024,19,ats,MIN,False,,71.95527081252291,Moderate,True,-118.0,1.0,-1.0,loss,
enhanced_gbm,2024_19_MIN_LA,2024,19,moneyline,MIN,False,,71.95527081252291,Moderate,True,-142.0,1.0,-1.0,loss,0.13277584862109681
enhanced_gbm,2024_19_MIN_LA,2024,19,total,MIN,False,under,71.95527081252291,Moderate,True,-110.0,1.0,0.9090909090909091,win,
enhanced_gbm,2024_20_HOU_KC,2024,20,ats,KC,True,,95.70765395412349,Elite,False,-110.0,1.0,-1.0,loss,
enhanced_gbm,2024_20_HOU_KC,2024,20,moneyline,KC,True,,95.70765395412349,Elite,False,-550.0,1.0,0.18181818181818182,win,0.1109226933873887
enhanced_gbm,2024_20_HOU_KC,2024,20,total,KC,True,over,95.70765395412349,Elite,False,-110.0,1.0,-1.0,loss,
enhanced_gbm,2024_20_WAS_DET,2024,20,ats,DET,True,,93.40855566214236,Elite,True,-115.0,1.0,-1.0,loss,
enhanced_gbm,2024_20_WAS_DET,2024,20,moneyline,DET,True,,93.40855566214236,Elite,True,-520.0,1.0,-1.0,loss,0.0953758792020688
enhanced_gbm,2024_20_WAS_DET,2024,20,total,DET,True,under,93.40855566214236,Elite,True,-110.0,1.0,-1.0,loss,
enhanced_gbm,2024_20_LA_PHI,2024,20,ats,PHI,True,,81.50488018439195,Strong,True,-108.0,1.0,-1.0,loss,
enhanced_gbm,2024_20_LA_PHI,2024,20,moneyline,PHI,True,,81.50488018439195,Strong,True,-325.0,1.0,0.3076923076923077,win,0.050342919490978355
enhanced_gbm,2024_21_BUF_KC,2024,21,ats,KC,True,,89.84565580069798,Strong,False,-105.0,1.0,0.9523809523809523,win,
enhanced_gbm,2024_21_BUF_KC,2024,21,moneyline,KC,True,,89.84565580069798,Strong,False,-118.0,1.0,0.847457627118644,win,0.357172154337255
enhanced_gbm,2024_21_BUF_KC,2024,21,total,KC,True,under,89.84565580069798,Strong,False,-110.0,1.0,-1.0,loss,
enhanced_gbm,2025_01_DAL_PHI,2025,1,ats,PHI,True,,74.11070448437272,Moderate,False,-110.0,1.0,-1.0,loss,
enhanced_gbm,2025_01_DAL_PHI,2025,1,total,PHI,True,over,74.11070448437272,Moderate,False,-110.0,1.0,-1.0,loss,
enhanced_gbm,2025_01_MIA_IND,2025,1,ats,IND,True,,70.11718921384741,Moderate,False,-102.0,1.0,0.9803921568627451,win,
enhanced_gbm,2025_01_MIA_IND,2025,1,moneyline,IND,True,,70.11718921384741,Moderate,False,-112.0,1.0,0.8928571428571429,win,0.17287000534602126
enhanced_gbm,2025_01_MIA_IND,2025,1,total,IND,True,over,70.11718921384741,Moderate,False,-110.0,1.0,-1.0,loss,
enhanced_gbm,2025_01_DET_GB,2025,1,ats,DET,False,,73.36120465161235,Moderate,False,-115.0,1.0,-1.0,loss,
enhanced_gbm,2025_01_DET_GB,2025,1,moneyline,DET,False,,73.36120465161235,Moderate,False,100.0,1.0,-1.0,loss,0.23361204651612355
enhanced_gbm,2025_01_DET_GB,2025,1,total,DET,False,over,73.36120465161235,Moderate,False,-110.0,1.0,-1.0,loss,
enhanced_gbm,2025_01_HOU_LA,2025,1,ats,LA,True,,78.43536232947564,Moderate,True,-102.0,1.0,0.9803921568627451,win,
enhanced_gbm,2025_01_HOU_LA,2025,1,moneyline,LA,True,,78.43536232947564,Moderate,True,-166.0,1.0,0.6024096385542169,win,0.16029347291881646
enhanced_gbm,2025_01_HOU_LA,2025,1,total,LA,True,under,78.43536232947564,Moderate,True,-110.0,1.0,0.9090909090909091,win,
enhanced_gbm,2025_02_BUF_NYJ,2025,2,ats,BUF,False,,94.68833529661926,Elite,True,-112.0,1.0,0.8928571428571429,win,
enhanced_gbm,2025_02_BUF_NYJ,2025,2,moneyline,BUF,False,,94.68833529661926,Elite,True,-290.0,1.0,0.3448275862068966,win,0.20329360937644902
enhanced_gbm,2025_02_BUF_NYJ,2025,2,total,BUF,False,over,94.68833529661926,Elite,True,-110.0,1.0,-1.0,loss,
enhanced_gbm,2025_02_CHI_DET,2025,2,ats,DET,True,,84.27205903117591,Strong,True,-110.0,1.0,0.9090909090909091,win,
enhanced_gbm,2025_02_CHI_DET,2025,2,moneyline,DET,True,,84.27205903117591,Strong,True,-270.0,1.0,0.37037037037037035,win,0.11299086058202945
enhanced_gbm,2025_02_CHI_DET,2025,2,total,DET,True,over,84.27205903117591,Strong,True,-110.0,1.0,0.9090909090909091,win,
enhanced_gbm,2025_02_CLE_BAL,2025,2,ats,BAL,True,,86.31120925500818,Strong,True,-115.0,1.0,0.8695652173913043,win,
enhanced_gbm,2025_02_CLE_BAL,2025,2,total,BAL,True,under,86.31120925500818,Strong,True,-110.0,1.0,-1.0,loss,
enhanced_gbm,2025_02_LA_TEN,2025,2,ats,LA,False,,81.39859324792718,Strong,True,-108.0,1.0,0.9259259259259259,win,
enhanced_gbm,2025_02_LA_TEN,2025,2,moneyline,LA,False,,81.39859324792718,Strong,True,-250.0,1.0,0.4,win,0.09970021819355745
enhanced_gbm,2025_02_LA_TEN,2025,2,total,LA,False,over,81.39859324792718,Strong,True,-110.0,1.0,0.9090909090909091,win,
enhanced_gbm,2025_02_CAR_ARI,2025,2,ats,ARI,True,,87.57616949198268,Strong,True,-110.0,1.0,-1.0,loss,
enhanced_gbm,2025_02_CAR_ARI,2025,2,moneyline,ARI,True,,87.57616949198268,Strong,True,-310.0,1.0,0.3225806451612903,win,0.11966413394421704
enhanced_gbm,2025_02_CAR_ARI,2025,2,total,ARI,True,over,87.57616949198268,Strong,True,-110.0,1.0,0.9090909090909091,win,
enhanced_gbm,2025_03_MIA_BUF,2025,3,ats,BUF,True,,91.24226580259845,Elite,True,-110.0,1.0,-1.0,loss,
enhanced_gbm,2025_03_MIA_BUF,2025,3,moneyline,BUF,True,,91.24226580259845,Elite,True,-800.0,1.0,0.125,win,0.023533769137095706
enhanced_gbm,2025_03_MIA_BUF,2025,3,total,BUF,True,under,91.24226580259845,Elite,True,-110.0,1.0,-1.0,loss,
enhanced_gbm,2025_03_ATL_CAR,2025,3,ats,ATL,False,,83.25229063675278,Strong,True,-105.0,1.0,-1.0,loss,
enhanced_gbm,2025_03_ATL_CAR,2025,3,moneyline,ATL,False,,83.25229063675278,Strong,True,-225.0,1.0,-1.0,loss,0.1402152140598354
enhanced_gbm,2025_03_ATL_CAR,2025,3,total,ATL,False,over,83.25229063675278,Strong,True,-110.0,1.0,-1.0,loss,
enhanced_gbm,2025_03_GB_CLE,2025,3,ats,GB,False,,89.25107658962716,Strong,True,-102.0,1.0,-1.0,loss,
enhanced_gbm,2025_03_GB_CLE,2025,3,moneyline,GB,False,,89.25107658962716,Strong,True,-470.0,1.0,-1.0,loss,0.0679493623874996
enhanced_gbm,2025_03_GB_CLE,2025,3,total,GB,False,over,89.25107658962716,Strong,True,-110.0,1.0,-1.0,loss,
enhanced_gbm,2025_03_IND_TEN,2025,3,ats,IND,False,,87.8987753238634,Strong,True,-108.0,1.0,0.9259259259259259,win,
enhanced_gbm,2025_03_IND_TEN,2025,3,moneyline,IND,False,,87.8987753238634,Strong,True,-245.0,1.0,0.40816326530612246,win,0.16884282570240217
enhanced_gbm,2025_03_IND_TEN,2025,3,total,IND,False,over,87.8987753238634,Strong,True,-110.0,1.0,0.9090909090909091,win,
enhanced_gbm,2025_03_NYJ_TB,2025,3,ats,TB,True,,89.05819857929865,Strong,True,-115.0,1.0,-1.0,loss,
enhanced_gbm,2025_03_NYJ_TB,2025,3,moneyline,TB,True,,89.05819857929865,Strong,True,-345.0,1.0,0.2898550724637681,win,0.11530108691658192
enhanced_gbm,2025_03_NYJ_TB,2025,3,total,TB,True,over,89.05819857929865,Strong,True,-110.0,1.0,0.9090909090909091,win,
enhanced_gbm,2025_03_NO_SEA,2025,3,ats,SEA,True,,82.52295127939651,Strong,True,-105.0,1.0,0.9523809523809523,win,
enhanced_gbm,2025_03_NO_SEA,2025,3,moneyline,SEA,True,,82.52295127939651,Strong,True,-375.0,1.0,0.26666666666666666,win,0.03575582858343873
enhanced_gbm,2025_03_NO_SEA,2025,3,total,SEA,True,under,82.52295127939651,Strong,True,-110.0,1.0,-1.0,loss,
enhanced_gbm,2025_03_KC_NYG,2025,3,ats,KC,False,,70.73745364505984,Moderate,True,-115.0,1.0,0.8695652173913043,win,
enhanced_gbm,2025_03_KC_NYG,2025,3,total,KC,False,over,70.73745364505984,Moderate,True,-110.0,1.0,-1.0,loss,
enhanced_gbm,2025_03_DET_BAL,2025,3,ats,BAL,True,,79.0320752534578,Moderate,True,-115.0,1.0,-1.0,loss,
enhanced_gbm,2025_03_DET_BAL,2025,3,moneyline,BAL,True,,79.0320752534578,Moderate,True,-245.0,1.0,-1.0,loss,0.08017582499834608
enhanced_gbm,2025_03_DET_BAL,2025,3,total,BAL,True,over,79.0320752534578,Moderate,True,-110.0,1.0,0.9090909090909091,win,
enhanced_gbm,2025_04_SEA_ARI,2025,4,ats,SEA,False,,74.72823972462126,Moderate,False,-110.0,1.0,0.9090909090909091,win,
enhanced_gbm,2025_04_SEA_ARI,2025,4,moneyline,SEA,False,,74.72823972462126,Moderate,False,-125.0,1.0,0.8,win,0.191726841690657
enhanced_gbm,2025_04_SEA_ARI,2025,4,total,SEA,False,under,74.72823972462126,Moderate,False,-110.0,1.0,0.9090909090909091,win,
enhanced_gbm,2025_04_CAR_NE,2025,4,ats,NE,True,,71.52424091659223,Moderate,False,-112.0,1.0,0.8928571428571429,win,
enhanced_gbm,2025_04_CAR_NE,2025,4,total,NE,True,under,71.52424091659223,Moderate,False,-110.0,1.0,-1.0,loss,
enhanced_gbm,2025_04_CLE_DET,2025,4,ats,DET,True,,85.1801020312776,Strong,True,-112.0,1.0,0.8928571428571429,win,
enhanced_gbm,2025_04_CLE_DET,2025,4,moneyline,DET,True,,85.1801020312776,Strong,True,-550.0,1.0,0.18181818181818182,win,0.005647174158929791
enhanced_gbm,2025_04_CLE_DET,2025,4,total,DET,True,over,85.1801020312776,Strong,True,-110.0,1.0,-1.0,loss,
enhanced_gbm,2025_04_LAC_NYG,2025,4,ats,LAC,False,,77.82017142961378,Moderate,True,-112.0,1.0,-1.0,loss,
enhanced_gbm,2025_04_LAC_NYG,2025,4,moneyline,LAC,False,,77.82017142961378,Moderate,True,-285.0,1.0,-1.0,loss,0.03794197403639754
enhanced_gbm,2025_04_LAC_NYG,2025,4,total,LAC,False,under,77.82017142961378,Moderate,True,-110.0,1.0,0.9090909090909091,win,
enhanced_gbm,2025_04_NO_BUF,2025,4,ats,BUF,True,,97.59194680656712,Elite,True,-105.0,1.0,-1.0,loss,
enhanced_gbm,2025_04_NO_BUF,2025,4,moneyline,BUF,True,,97.59194680656712,Elite,True,-1350.0,1.0,0.07407407407407407,win,0.04488498530705054
enhanced_gbm,2025_04_NO_BUF,2025,4,total,BUF,True,over,97.59194680656712,Elite,True,-110.0,1.0,0.9090909090909091,win,
enhanced_gbm,2025_04_WAS_ATL,2025,4,ats,WAS,False,,70.52268687915914,Moderate,False,-110.0,1.0,-1.0,loss,
enhanced_gbm,2025_04_WAS_ATL,2025,4,moneyline,WAS,False,,70.52268687915914,Moderate,False,120.0,1.0,-1.0,loss,0.2506814142461368
enhanced_gbm,2025_04_WAS_ATL,2025,4,total,WAS,False,under,70.52268687915914,Moderate,False,-110.0,1.0,-1.0,loss,
enhanced_gbm,2025_04_IND_LA,2025,4,ats,LA,True,,78.95772981701633,Moderate,False,-115.0,1.0,0.8695652173913043,win,
enhanced_gbm,2025_04_IND_LA,2025,4,moneyline,LA,True,,78.95772981701633,Moderate,False,-185.0,1.0,0.5405405405405406,win,0.14045449115261943
enhanced_gbm,2025_04_JAX_SF,2025,4,ats,SF,True,,88.07688499479832,Strong,False,100.0,1.0,-1.0,loss,
enhanced_gbm,2025_04_JAX_SF,2025,4,moneyline,SF,True,,88.07688499479832,Strong,False,-180.0,1.0,-1.0,loss,0.2379117070908403
enhanced_gbm,2025_04_JAX_SF,2025,4,total,SF,True,under,88.07688499479832,Strong,False,-110.0,1.0,-1.0,loss,
enhanced_gbm,2025_04_BAL_KC,2025,4,ats,KC,True,,72.71122408146611,Moderate,False,100.0,1.0,1.0,win,
enhanced_gbm,2025_04_BAL_KC,2025,4,moneyline,KC,True,,72.71122408146611,Moderate,False,124.0,1.0,1.24,win,0.28068366938608963
enhanced_gbm,2025_04_BAL_KC,2025,4,total,KC,True,over,72.71122408146611,Moderate,False,-110.0,1.0,0.9090909090909091,win,
enhanced_gbm,2025_04_CHI_LV,2025,4,ats,LV,True,,81.6628642136005,Strong,False,-110.0,1.0,-1.0,loss,
enhanced_gbm,2025_04_CHI_LV,2025,4,moneyline,LV,True,,81.6628642136005,Strong,False,-125.0,1.0,-1.0,loss,0.2610730865804495
enhanced_gbm,2025_04_CHI_LV,2025,4,total,LV,True,over,81.6628642136005,Strong,False,-110.0,1.0,0.9090909090909091,win,
enhanced_gbm,2025_04_GB_DAL,2025,4,ats,GB,False,,71.08447446603945,Moderate,True,-105.0,1.0,-1.0,loss,
enhanced_gbm,2025_04_GB_DAL,2025,4,total,GB,False,under,71.08447446603945,Moderate,True,-110.0,1.0,-1.0,loss,
enhanced_gbm,2025_05_SF_LA,2025,5,ats,LA,True,,83.5031392514343,Strong,True,-110.0,1.0,-1.0,loss,
enhanced_gbm,2025_05_SF_LA,2025,5,moneyline,LA,True,,83.5031392514343,Strong,True,-440.0,1.0,-1.0,loss,0.020216577699528226
enhanced_gbm,2025_05_SF_LA,2025,5,total,LA,True,under,83.5031392514343,Strong,True,-110.0,1.0,-1.0,loss,
enhanced_gbm,2025_05_DAL_NYJ,2025,5,ats,DAL,False,,75.42362440108079,Moderate,False,-120.0,1.0,0.8333333333333334,win,
enhanced_gbm,2025_05_DAL_NYJ,2025,5,moneyline,DAL,False,,75.42362440108079,Moderate,False,-105.0,1.0,0.9523809523809523,win,0.2420411220595884
enhanced_gbm,2025_05_DAL_NYJ,2025,5,total,DAL,False,over,75.42362440108079,Moderate,False,-110.0,1.0,0.9090909090909091,win,
enhanced_gbm,2025_05_HOU_BAL,2025,5,ats,BAL,True,,76.08299123107773,Moderate,False,-102.0,1.0,-1.0,loss,
enhanced_gbm,2025_05_HOU_BAL,2025,5,moneyline,BAL,True,,76.08299123107773,Moderate,False,124.0,1.0,-1.0,loss,0.3144013408822059
enhanced_gbm,2025_05_HOU_BAL,2025,5,total,BAL,True,over,76.08299123107773,Moderate,False,-110.0,1.0,0.9090909090909091,win,
enhanced_gbm,2025_05_LV_IND,2025,5,ats,IND,True,,76.65526922032754,Moderate,True,-120.0,1.0,0.8333333333333334,win,
enhanced_gbm,2025_05_LV_IND,2025,5,total,IND,True,over,76.65526922032754,Moderate,True,-110.0,1.0,-1.0,loss,
enhanced_gbm,2025_05_MIA_CAR,2025,5,ats,MIA,False,,80.15513529731969,Strong,False,-105.0,1.0,-1.0,loss,
enhanced_gbm,2025_05_MIA_CAR,2025,5,moneyline,MIA,False,,80.15513529731969,Strong,False,-120.0,1.0,-1.0,loss,0.2560968075186515
enhanced_gbm,2025_05_MIA_CAR,2025,5,total,MIA,False,over,80.15513529731969,Strong,False,-110.0,1.0,0.9090909090909091,win,
enhanced_gbm,2025_05_TB_SEA,2025,5,ats,SEA,True,,87.73947779113695,Strong,False,-105.0,1.0,-1.0,loss,
enhanced_gbm,2025_05_TB_SEA,2025,5,moneyline,SEA,True,,87.73947779113695,Strong,False,-180.0,1.0,-1.0,loss,0.23453763505422653
enhanced_gbm,2025_05_TB_SEA,2025,5,total,SEA,True,over,87.73947779113695,Strong,False,-110.0,1.0,0.9090909090909091,win,
enhanced_gbm,2025_05_DET_CIN,2025,5,ats,CIN,True,,79.53086067673303,Moderate,False,-118.0,1.0,-1.0,loss,
enhanced_gbm,2025_05_DET_CIN,2025,5,moneyline,CIN,True,,79.53086067673303,Moderate,False,425.0,1.0,-1.0,loss,0.6048324162911398
enhanced_gbm,2025_05_DET_CIN,2025,5,total,CIN,True,over,79.53086067673303,Moderate,False,-110.0,1.0,0.9090909090909091,win,
enhanced_gbm,2025_05_NE_BUF,2025,5,ats,BUF,True,,83.30880018086796,Strong,True,-115.0,1.0,-1.0,loss,
enhanced_gbm,2025_05_NE_BUF,2025,5,moneyline,BUF,True,,83.30880018086796,Strong,True,-395.0,1.0,-1.0,loss,0.03510820382888158
enhanced_gbm,2025_05_NE_BUF,2025,5,total,BUF,True,over,83.30880018086796,Strong,True,-110.0,1.0,-1.0,loss,
enhanced_gbm,2025_05_KC_JAX,2025,5,ats,KC,False,,86.92355422612502,Strong,False,-110.0,1.0,-1.0,loss,
enhanced_gbm,2025_05_KC_JAX,2025,5,moneyline,KC,False,,86.92355422612502,Strong,False,-198.0,1.0,-1.0,loss,0.2048060120599079
enhanced_gbm,2025_05_KC_JAX,2025,5,total,KC,False,under,86.92355422612502,Strong,False,-110.0,1.0,-1.0,loss,
enhanced_gbm,2025_06_PHI_NYG,2025,6,ats,PHI,False,,71.50163271578353,Moderate,True,-120.0,1.0,-1.0,loss,
enhanced_gbm,2025_06_PHI_NYG,2025,6,total,PHI,False,over,71.50163271578353,Moderate,True,-110.0,1.0,0.9090909090909091,win,
enhanced_gbm,2025_06_DEN_NYJ,2025,6,ats,DEN,False,,83.7141147235968,Strong,True,100.0,1.0,-1.0,loss,
enhanced_gbm,2025_06_DEN_NYJ,2025,6,moneyline,DEN,False,,83.7141147235968,Strong,True,-395.0,1.0,0.25316455696202533,win,0.039161349256169875
enhanced_gbm,2025_06_DEN_NYJ,2025,6,total,DEN,False,over,83.7141147235968,Strong,True,-110.0,1.0,-1.0,loss,
enhanced_gbm,2025_06_ARI_IND,2025,6,ats,IND,True,,80.49893652357811,Strong,True,-110.0,1.0,-1.0,loss,
enhanced_gbm,2025_06_ARI_IND,2025,6,total,IND,True,under,80.49893652357811,Strong,True,-110.0,1.0,-1.0,loss,
enhanced_gbm,2025_06_LA_BAL,2025,6,ats,LA,False,,94.21278450697541,Elite,True,-105.0,1.0,0.9523809523809523,win,
enhanced_gbm,2025_06_LA_BAL,2025,6,moneyline,LA,False,,94.21278450697541,Elite,True,-355.0,1.0,0.28169014084507044,win,0.1619080648499739
enhanced_gbm,2025_06_LA_BAL,2025,6,total,LA,False,over,94.21278450697541,Elite,True,-110.0,1.0,-1.0,loss,
enhanced_gbm,2025_06_NE_NO,2025,6,ats,NE,False,,84.8564374109232,Strong,False,-105.0,1.0,0.9523809523809523,win,
enhanced_gbm,2025_06_NE_NO,2025,6,moneyline,NE,False,,84.8564374109232,Strong,False,-192.0,1.0,0.5208333333333334,win,0.1910301275338897
enhanced_gbm,2025_06_NE_NO,2025,6,total,NE,False,under,84.8564374109232,Strong,False,-110.0,1.0,0.9090909090909091,win,
enhanced_gbm,2025_06_CIN_GB,2025,6,ats,GB,True,,78.18089457302202,Moderate,True,-110.0,1.0,-1.0,loss,
enhanced_gbm,2025_06_CIN_GB,2025,6,total,GB,True,over,78.18089457302202,Moderate,True,-110.0,1.0,0.9090909090909091,win,
enhanced_gbm,2025_06_SF_TB,2025,6,ats,TB,True,,74.46326240387991,Moderate,False,-115.0,1.0,0.8695652173913043,win,
enhanced_gbm,2025_06_SF_TB,2025,6,moneyline,TB,True,,74.46326240387991,Moderate,False,-192.0,1.0,0.5208333333333334,win,0.08709837746345661
enhanced_gbm,2025_06_CHI_WAS,2025,6,ats,WAS,True,,87.22251301239329,Strong,True,-112.0,1.0,-1.0,loss,
enhanced_gbm,2025_06_CHI_WAS,2025,6,moneyline,WAS,True,,87.22251301239329,Strong,True,-258.0,1.0,-1.0,loss,0.1515547390624804
enhanced_gbm,2025_06_CHI_WAS,2025,6,total,WAS,True,over,87.22251301239329,Strong,True,-110.0,1.0,-1.0,loss,
enhanced_gbm,2025_07_PIT_CIN,2025,7,ats,PIT,False,,92.43879197800062,Elite,True,-105.0,1.0,-1.0,loss,
enhanced_gbm,2025_07_PIT_CIN,2025,7,moneyline,PIT,False,,92.43879197800062,Elite,True,-245.0,1.0,-1.0,loss,0.2142429922437743
enhanced_gbm,2025_07_CAR_NYJ,2025,7,ats,CAR,False,,74.49001365121643,Moderate,False,-125.0,1.0,0.8,win,
enhanced_gbm,2025_07_CAR_NYJ,2025,7,moneyline,CAR,False,,74.49001365121643,Moderate,False,-108.0,1.0,0.9259259259259259,win,0.22566936728139508
enhanced_gbm,2025_07_CAR_NYJ,2025,7,total,CAR,False,over,74.49001365121643,Moderate,False,-110.0,1.0,-1.0,loss,
enhanced_gbm,2025_07_LV_KC,2025,7,ats,KC,True,,97.86541279908602,Elite,True,-105.0,1.0,0.9523809523809523,win,
enhanced_gbm,2025_07_LV_KC,2025,7,moneyline,KC,True,,97.86541279908602,Elite,True,-950.0,1.0,0.10526315789473684,win,0.07389222322895539
enhanced_gbm,2025_07_NE_TEN,2025,7,ats,NE,False,,83.03980018870101,Strong,True,-108.0,1.0,0.9259259259259259,win,
enhanced_gbm,2025_07_NE_TEN,2025,7,moneyline,NE,False,,83.03980018870101,Strong,True,-290.0,1.0,0.3448275862068966,win,0.08680825829726646
enhanced_gbm,2025_07_NE_TEN,2025,7,total,NE,False,over,83.03980018870101,Strong,True,-110.0,1.0,0.9090909090909091,win,
enhanced_gbm,2025_07_NO_CHI,2025,7,ats,CHI,True,,76.69718431591916,Moderate,True,100.0,1.0,1.0,win,
enhanced_gbm,2025_07_NO_CHI,2025,7,moneyline,CHI,True,,76.69718431591916,Moderate,True,-225.0,1.0,0.4444444444444444,win,0.07466415085149936
enhanced_gbm,2025_07_NO_CHI,2025,7,total,CHI,True,over,76.69718431591916,Moderate,True,-110.0,1.0,-1.0,loss,
enhanced_gbm,2025_07_PHI_MIN,2025,7,ats,PHI,False,,76.35164888246506,Moderate,False,-110.0,1.0,0.9090909090909091,win,
enhanced_gbm,2025_07_PHI_MIN,2025,7,moneyline,PHI,False,,76.35164888246506,Moderate,False,-148.0,1.0,0.6756756756756757,win,0.16674229527626339
enhanced_gbm,2025_07_PHI_MIN,2025,7,total,PHI,False,over,76.35164888246506,Moderate,False,-110.0,1.0,0.9090909090909091,win,
enhanced_gbm,2025_07_NYG_DEN,2025,7,ats,DEN,True,,86.52003057445764,Strong,True,-115.0,1.0,-1.0,loss,
enhanced_gbm,2025_07_NYG_DEN,2025,7,moneyline,DEN,True,,86.52003057445764,Strong,True,-425.0,1.0,0.23529411764705882,win,0.05567649622076676
enhanced_gbm,2025_07_NYG_DEN,2025,7,total,DEN,True,over,86.52003057445764,Strong,True,-110.0,1.0,0.9090909090909091,win,
enhanced_gbm,2025_07_GB_ARI,2025,7,ats,GB,False,,77.95341244335047,Moderate,True,-115.0,1.0,-1.0,loss,
enhanced_gbm,2025_08_BUF_CAR,2025,8,ats,BUF,False,,77.47864070402002,Moderate,True,-115.0,1.0,0.8695652173913043,win,
enhanced_gbm,2025_08_CLE_NE,2025,8,ats,NE,True,,80.59280540972162,Strong,True,-105.0,1.0,0.9523809523809523,win,
enhanced_gbm,2025_08_CLE_NE,2025,8,moneyline,NE,True,,80.59280540972162,Strong,True,-380.0,1.0,0.2631578947368421,win,0.01426138743054961
enhanced_gbm,2025_08_NYG_PHI,2025,8,ats,PHI,True,,77.98458899758167,Moderate,True,-118.0,1.0,0.847457627118644,win,
enhanced_gbm,2025_08_NYG_PHI,2025,8,total,PHI,True,over,77.98458899758167,Moderate,True,-110.0,1.0,0.9090909090909091,win,
enhanced_gbm,2025_08_NYJ_CIN,2025,8,ats,CIN,True,,85.5642616311292,Strong,False,-108.0,1.0,-1.0,loss,
enhanced_gbm,2025_08_NYJ_CIN,2025,8,moneyline,CIN,True,,85.5642616311292,Strong,False,-258.0,1.0,-1.0,loss,0.13497222524983954
enhanced_gbm,2025_08_NYJ_CIN,2025,8,total,CIN,True,over,85.5642616311292,Strong,False,-110.0,1.0,0.9090909090909091,win,
enhanced_gbm,2025_08_SF_HOU,2025,8,ats,HOU,True,,73.56528019390561,Moderate,False,-120.0,1.0,0.8333333333333334,win,
enhanced_gbm,2025_08_SF_HOU,2025,8,moneyline,HOU,True,,73.56528019390561,Moderate,False,-155.0,1.0,0.6451612903225806,win,0.1278096646841541
enhanced_gbm,2025_08_SF_HOU,2025,8,total,HOU,True,under,73.56528019390561,Moderate,False,-110.0,1.0,0.9090909090909091,win,
enhanced_gbm,2025_08_TB_NO,2025,8,ats,TB,False,,85.74128012987839,Strong,True,-105.0,1.0,0.9523809523809523,win,
enhanced_gbm,2025_08_TB_NO,2025,8,moneyline,TB,False,,85.74128012987839,Strong,True,-218.0,1.0,0.45871559633027525,win,0.17187821010381532
enhanced_gbm,2025_08_TEN_IND,2025,8,ats,IND,True,,96.97278481882381,Elite,True,-105.0,1.0,0.9523809523809523,win,
enhanced_gbm,2025_08_TEN_IND,2025,8,moneyline,IND,True,,96.97278481882381,Elite,True,-1650.0,1.0,0.06060606060606061,win,0.026870705331095257
enhanced_gbm,2025_08_WAS_KC,2025,8,ats,KC,True,,97.7224295338928,Elite,True,-115.0,1.0,0.8695652173913043,win,
enhanced_gbm,2025_08_WAS_KC,2025,8,moneyline,KC,True,,97.7224295338928,Elite,True,-700.0,1.0,0.14285714285714285,win,0.10222429533892796
enhanced_gbm,2025_08_WAS_KC,2025,8,total,KC,True,under,97.7224295338928,Elite,True,-110.0,1.0,0.9090909090909091,win,
enhanced_gbm,2025_09_BAL_MIA,2025,9,ats,BAL,False,,89.57316881118366,Strong,False,-120.0,1.0,0.8333333333333334,win,
enhanced_gbm,2025_09_BAL_MIA,2025,9,moneyline,BAL,False,,89.57316881118366,Strong,False,-455.0,1.0,0.21978021978021978,win,0.0759118682920169
enhanced_gbm,2025_09_CAR_GB,2025,9,ats,GB,True,,93.97284251768855,Elite,True,-118.0,1.0,-1.0,loss,
enhanced_gbm,2025_09_CAR_GB,2025,9,moneyline,GB,True,,93.97284251768855,Elite,True,-1000.0,1.0,-1.0,loss,0.030637516085976424
enhanced_gbm,2025_09_CAR_GB,2025,9,total,GB,True,over,93.97284251768855,Elite,True,-110.0,1.0,-1.0,loss,
enhanced_gbm,2025_09_CHI_CIN,2025,9,ats,CHI,False,,71.78463780638538,Moderate,True,-105.0,1.0,0.9523809523809523,win,
enhanced_gbm,2025_09_CHI_CIN,2025,9,moneyline,CHI,False,,71.78463780638538,Moderate,True,-162.0,1.0,0.6172839506172839,win,0.09952576737683083
enhanced_gbm,2025_09_DEN_HOU,2025,9,ats,HOU,True,,71.90658419942719,Moderate,False,-110.0,1.0,-1.0,loss,
enhanced_gbm,2025_09_DEN_HOU,2025,9,moneyline,HOU,True,,71.90658419942719,Moderate,False,-125.0,1.0,-1.0,loss,0.16351028643871635
enhanced_gbm,2025_09_LAC_TEN,2025,9,ats,LAC,False,,76.73575870141008,Moderate,True,-112.0,1.0,-1.0,loss,
enhanced_gbm,2025_09_NO_LA,2025,9,ats,LA,True,,93.15856113183123,Elite,True,-115.0,1.0,0.8695652173913043,win,
enhanced_gbm,2025_09_NO_LA,2025,9,moneyline,LA,True,,93.15856113183123,Elite,True,-1200.0,1.0,0.08333333333333333,win,0.008508688241389284
enhanced_gbm,2025_09_NO_LA,2025,9,total,LA,True,under,93.15856113183123,Elite,True,-110.0,1.0,0.9090909090909091,win,
enhanced_gbm,2025_09_KC_BUF,2025,9,ats,KC,False,,73.68533536294406,Moderate,False,-105.0,1.0,-1.0,loss,
enhanced_gbm,2025_09_KC_BUF,2025,9,moneyline,KC,False,,73.68533536294406,Moderate,False,-135.0,1.0,-1.0,loss,0.16238526852305757
enhanced_gbm,2025_09_KC_BUF,2025,9,total,KC,False,under,73.68533536294406,Moderate,False,-110.0,1.0,0.9090909090909091,win,
enhanced_gbm,2025_09_SEA_WAS,2025,9,ats,SEA,False,,80.20930160412205,Strong,False,-120.0,1.0,0.8333333333333334,win,
enhanced_gbm,2025_09_SEA_WAS,2025,9,moneyline,SEA,False,,80.20930160412205,Strong,False,-148.0,1.0,0.6756756756756757,win,0.2053188224928334
enhanced_gbm,2025_09_ARI_DAL,2025,9,ats,DAL,True,,80.07684108654588,Strong,False,-105.0,1.0,-1.0,loss,
enhanced_gbm,2025_09_ARI_DAL,2025,9,moneyline,DAL,True,,80.07684108654588,Strong,False,-175.0,1.0,-1.0,loss,0.16440477450182245
enhanced_gbm,2025_10_LV_DEN,2025,10,ats,DEN,True,,93.62425280586147,Elite,True,-108.0,1.0,-1.0,loss,
enhanced_gbm,2025_10_LV_DEN,2025,10,moneyline,DEN,True,,93.62425280586147,Elite,True,-500.0,1.0,0.2,win,0.10290919472528137
enhanced_gbm,2025_10_BAL_MIN,2025,10,ats,BAL,False,,88.60763661703355,Strong,False,-105.0,1.0,0.9523809523809523,win,
enhanced_gbm,2025_10_BAL_MIN,2025,10,moneyline,BAL,False,,88.60763661703355,Strong,False,-230.0,1.0,0.43478260869565216,win,0.18910666920063846
enhanced_gbm,2025_10_BUF_MIA,2025,10,ats,BUF,False,,76.33276771200369,Moderate,True,-105.0,1.0,-1.0,loss,
enhanced_gbm,2025_10_BUF_MIA,2025,10,total,BUF,False,under,76.33276771200369,Moderate,True,-110.0,1.0,0.9090909090909091,win,
enhanced_gbm,2025_10_NO_CAR,2025,10,ats,CAR,True,,83.54975535239899,Strong,True,-108.0,1.0,-1.0,loss,
enhanced_gbm,2025_10_NO_CAR,2025,10,moneyline,CAR,True,,83.54975535239899,Strong,True,-245.0,1.0,-1.0,loss,0.12535262598775798
enhanced_gbm,2025_10_NO_CAR,2025,10,total,CAR,True,over,83.54975535239899,Strong,True,-110.0,1.0,-1.0,loss,
enhanced_gbm,2025_10_NYG_CHI,2025,10,ats,CHI,True,,93.94313986544346,Elite,True,-112.0,1.0,-1.0,loss,
enhanced_gbm,2025_10_NYG_CHI,2025,10,moneyline,CHI,True,,93.94313986544346,Elite,True,-218.0,1.0,0.45871559633027525,win,0.2538968074594661
enhanced_gbm,2025_10_NYG_CHI,2025,10,total,CHI,True,over,93.94313986544346,Elite,True,-110.0,1.0,-1.0,loss,
enhanced_gbm,2025_10_ARI_SEA,2025,10,ats,SEA,True,,71.10954636775915,Moderate,True,-105.0,1.0,0.9523809523809523,win,
enhanced_gbm,2025_10_ARI_SEA,2025,10,total,SEA,True,over,71.10954636775915,Moderate,True,-110.0,1.0,0.9090909090909091,win,
enhanced_gbm,2025_10_DET_WAS,2025,10,ats,DET,False,,92.60706109791109,Elite,True,-105.0,1.0,0.9523809523809523,win,
enhanced_gbm,2025_10_DET_WAS,2025,10,moneyline,DET,False,,92.60706109791109,Elite,True,-455.0,1.0,0.21978021978021978,win,0.10625079115929104
enhanced_gbm,2025_10_LA_SF,2025,10,ats,LA,False,,94.89006068370314,Elite,True,-115.0,1.0,0.8695652173913043,win,
enhanced_gbm,2025_10_LA_SF,2025,10,moneyline,LA,False,,94.89006068370314,Elite,True,-258.0,1.0,0.3875968992248062,win,0.2282302157755789
enhanced_gbm,2025_10_LA_SF,2025,10,total,LA,False,under,94.89006068370314,Elite,True,-110.0,1.0,-1.0,loss,
enhanced_gbm,2025_11_NYJ_NE,2025,11,ats,NE,True,,70.67620747792435,Moderate,True,-115.0,1.0,0.8695652173913043,win,
enhanced_gbm,2025_11_NYJ_NE,2025,11,total,NE,True,over,70.67620747792435,Moderate,True,-110.0,1.0,-1.0,loss,
enhanced_gbm,2025_11_CIN_PIT,2025,11,ats,PIT,True,,79.41750116783058,Moderate,True,-112.0,1.0,0.8928571428571429,win,
enhanced_gbm,2025_11_CIN_PIT,2025,11,moneyline,PIT,True,,79.41750116783058,Moderate,True,-250.0,1.0,0.4,win,0.07988929739259154
enhanced_gbm,2025_11_CIN_PIT,2025,11,total,PIT,True,over,79.41750116783058,Moderate,True,-110.0,1.0,-1.0,loss,
enhanced_gbm,2025_11_GB_NYG,2025,11,ats,GB,False,,73.1888375837094,Moderate,True,-110.0,1.0,-1.0,loss,
enhanced_gbm,2025_11_GB_NYG,2025,11,total,GB,False,over,73.1888375837094,Moderate,True,-110.0,1.0,0.9090909090909091,win,
enhanced_gbm,2025_11_TB_BUF,2025,11,ats,BUF,True,,75.08256389004,Moderate,True,-112.0,1.0,0.8928571428571429,win,
enhanced_gbm,2025_11_TB_BUF,2025,11,moneyline,BUF,True,,75.08256389004,Moderate,True,-285.0,1.0,0.3508771929824561,win,0.01056589864065971
enhanced_gbm,2025_11_TB_BUF,2025,11,total,BUF,True,over,75.08256389004,Moderate,True,-110.0,1.0,0.9090909090909091,win,
enhanced_gbm,2025_11_SF_ARI,2025,11,ats,SF,False,,74.58140053107122,Moderate,False,-105.0,1.0,0.9523809523809523,win,
enhanced_gbm,2025_11_SF_ARI,2025,11,moneyline,SF,False,,74.58140053107122,Moderate,False,-192.0,1.0,0.5208333333333334,win,0.08827975873536986
enhanced_gbm,2025_11_SF_ARI,2025,11,total,SF,False,under,74.58140053107122,Moderate,False,-110.0,1.0,-1.0,loss,
enhanced_gbm,2025_11_BAL_CLE,2025,11,ats,BAL,False,,78.29117552670736,Moderate,False,-105.0,1.0,-1.0,loss,
enhanced_gbm,2025_11_BAL_CLE,2025,11,total,BAL,False,over,78.29117552670736,Moderate,False,-110.0,1.0,0.9090909090909091,win,
enhanced_gbm,2025_11_DAL_LV,2025,11,ats,DAL,False,,80.68228665296444,Strong,True,-115.0,1.0,0.8695652173913043,win,
enhanced_gbm,2025_11_DAL_LV,2025,11,moneyline,DAL,False,,80.68228665296444,Strong,True,-198.0,1.0,0.5050505050505051,win,0.14239333632830198
enhanced_gbm,2025_11_DAL_LV,2025,11,total,DAL,False,over,80.68228665296444,Strong,True,-110.0,1.0,0.9090909090909091,win,
enhanced_gbm,2025_12_MIN_GB,2025,12,ats,GB,True,,78.9732989921398,Moderate,True,-108.0,1.0,0.9259259259259259,win,
enhanced_gbm,2025_12_MIN_GB,2025,12,moneyline,GB,True,,78.9732989921398,Moderate,True,-290.0,1.0,0.3448275862068966,win,0.04614324633165445
enhanced_gbm,2025_12_MIN_GB,2025,12,total,GB,True,over,78.9732989921398,Moderate,True,-110.0,1.0,-1.0,loss,
enhanced_gbm,2025_12_NE_CIN,2025,12,ats,NE,False,,73.51343844549557,Moderate,True,-108.0,1.0,-1.0,loss,
enhanced_gbm,2025_12_NYG_DET,2025,12,ats,DET,True,,98.55506180541357,Elite,True,-105.0,1.0,-1.0,loss,
enhanced_gbm,2025_12_NYG_DET,2025,12,moneyline,DET,True,,98.55506180541357,Elite,True,-1050.0,1.0,0.09523809523809523,win,0.07250713979326617
enhanced_gbm,2025_12_NYJ_BAL,2025,12,ats,BAL,True,,85.01924441647003,Strong,True,-110.0,1.0,-1.0,loss,
enhanced_gbm,2025_12_NYJ_BAL,2025,12,total,BAL,True,over,85.01924441647003,Strong,True,-110.0,1.0,-1.0,loss,
enhanced_gbm,2025_12_SEA_TEN,2025,12,ats,SEA,False,,88.93152333603062,Strong,True,-115.0,1.0,-1.0,loss,
enhanced_gbm,2025_12_SEA_TEN,2025,12,total,SEA,False,over,88.93152333603062,Strong,True,-110.0,1.0,0.9090909090909091,win,
enhanced_gbm,2025_12_JAX_ARI,2025,12,ats,JAX,False,,71.02265918438778,Moderate,True,-108.0,1.0,0.9259259259259259,win,
enhanced_gbm,2025_12_JAX_ARI,2025,12,moneyline,JAX,False,,71.02265918438778,Moderate,True,-135.0,1.0,0.7407407407407407,win,0.13575850673749468
enhanced_gbm,2025_12_PHI_DAL,2025,12,ats,PHI,False,,72.98413853610977,Moderate,True,-105.0,1.0,-1.0,loss,
enhanced_gbm,2025_12_PHI_DAL,2025,12,moneyline,PHI,False,,72.98413853610977,Moderate,True,-162.0,1.0,-1.0,loss,0.11152077467407473
enhanced_gbm,2025_12_PHI_DAL,2025,12,total,PHI,False,over,72.98413853610977,Moderate,True,-110.0,1.0,-1.0,loss,
enhanced_gbm,2025_12_TB_LA,2025,12,ats,LA,True,,80.75796295320792,Strong,True,-110.0,1.0,0.9090909090909091,win,
enhanced_gbm,2025_12_TB_LA,2025,12,moneyline,LA,True,,80.75796295320792,Strong,True,-375.0,1.0,0.26666666666666666,win,0.018105945321552852
enhanced_gbm,2025_12_TB_LA,2025,12,total,LA,True,under,80.75796295320792,Strong,True,-110.0,1.0,0.9090909090909091,win,
enhanced_gbm,2025_12_CAR_SF,2025,12,ats,SF,True,,77.91178294516148,Moderate,True,-105.0,1.0,0.9523809523809523,win,
enhanced_gbm,2025_12_CAR_SF,2025,12,total,SF,True,under,77.91178294516148,Moderate,True,-110.0,1.0,0.9090909090909091,win,
enhanced_gbm,2025_13_KC_DAL,2025,13,ats,KC,False,,71.01473886864498,Moderate,True,-105.0,1.0,-1.0,loss,
enhanced_gbm,2025_13_KC_DAL,2025,13,moneyline,KC,False,,71.01473886864498,Moderate,True,-185.0,1.0,-1.0,loss,0.0610245816689059
enhanced_gbm,2025_13_KC_DAL,2025,13,total,KC,False,under,71.01473886864498,Moderate,True,-110.0,1.0,-1.0,loss,
enhanced_gbm,2025_13_CHI_PHI,2025,13,ats,PHI,True,,76.35175365838039,Moderate,True,-115.0,1.0,-1.0,loss,
enhanced_gbm,2025_13_CHI_PHI,2025,13,total,PHI,True,over,76.35175365838039,Moderate,True,-110.0,1.0,-1.0,loss,
enhanced_gbm,2025_13_JAX_TEN,2025,13,ats,JAX,False,,76.7122066889931,Moderate,True,-108.0,1.0,0.9259259259259259,win,
enhanced_gbm,2025_13_JAX_TEN,2025,13,moneyline,JAX,False,,76.7122066889931,Moderate,True,-270.0,1.0,0.37037037037037035,win,0.037392337160201405
enhanced_gbm,2025_13_JAX_TEN,2025,13,total,JAX,False,over,76.7122066889931,Moderate,True,-110.0,1.0,-1.0,loss,
enhanced_gbm,2025_13_LA_CAR,2025,13,ats,LA,False,,85.44574202599759,Strong,True,-110.0,1.0,-1.0,loss,
enhanced_gbm,2025_13_LA_CAR,2025,13,moneyline,LA,False,,85.44574202599759,Strong,True,-575.0,1.0,-1.0,loss,0.0026055684081239816
enhanced_gbm,2025_13_LA_CAR,2025,13,total,LA,False,under,85.44574202599759,Strong,True,-110.0,1.0,-1.0,loss,
enhanced_gbm,2025_13_NO_MIA,2025,13,ats,MIA,True,,79.24510342526523,Moderate,False,-110.0,1.0,-1.0,loss,
enhanced_gbm,2025_13_NO_MIA,2025,13,moneyline,MIA,True,,79.24510342526523,Moderate,False,-250.0,1.0,0.4,win,0.07816531996693799
enhanced_gbm,2025_13_SF_CLE,2025,13,ats,SF,False,,81.21776225329131,Strong,False,-108.0,1.0,0.9259259259259259,win,
enhanced_gbm,2025_13_SF_CLE,2025,13,moneyline,SF,False,,81.21776225329131,Strong,False,-250.0,1.0,0.4,win,0.09789190824719884
enhanced_gbm,2025_13_SF_CLE,2025,13,total,SF,False,over,81.21776225329131,Strong,False,-110.0,1.0,-1.0,loss,
enhanced_gbm,2025_13_MIN_SEA,2025,13,ats,SEA,True,,90.94620183144431,Elite,True,-110.0,1.0,0.9090909090909091,win,
enhanced_gbm,2025_13_MIN_SEA,2025,13,moneyline,SEA,True,,90.94620183144431,Elite,True,-900.0,1.0,0.1111111111111111,win,0.009462018314443155
enhanced_gbm,2025_13_MIN_SEA,2025,13,total,SEA,True,over,90.94620183144431,Elite,True,-110.0,1.0,-1.0,loss,
enhanced_gbm,2025_13_LV_LAC,2025,13,ats,LAC,True,,85.04865877290136,Strong,True,-105.0,1.0,0.9523809523809523,win,
enhanced_gbm,2025_13_LV_LAC,2025,13,total,LAC,True,over,85.04865877290136,Strong,True,-110.0,1.0,0.9090909090909091,win,
enhanced_gbm,2025_13_DEN_WAS,2025,13,ats,DEN,False,,79.37968795735605,Moderate,True,-105.0,1.0,-1.0,loss,
enhanced_gbm,2025_13_DEN_WAS,2025,13,moneyline,DEN,False,,79.37968795735605,Moderate,True,-310.0,1.0,0.3225806451612903,win,0.03769931859795084
enhanced_gbm,2025_13_DEN_WAS,2025,13,total,DEN,False,over,79.37968795735605,Moderate,True,-110.0,1.0,0.9090909090909091,win,
enhanced_gbm,2025_13_NYG_NE,2025,13,ats,NE,True,,80.55396530789461,Strong,True,-115.0,1.0,0.8695652173913043,win,
enhanced_gbm,2025_13_NYG_NE,2025,13,moneyline,NE,True,,80.55396530789461,Strong,True,-375.0,1.0,0.26666666666666666,win,0.016065968868419822
enhanced_gbm,2025_13_NYG_NE,2025,13,total,NE,True,over,80.55396530789461,Strong,True,-110.0,1.0,0.9090909090909091,win,
enhanced_gbm,2025_14_CIN_BUF,2025,14,ats,BUF,True,,72.37838988249071,Moderate,True,-112.0,1.0,-1.0,loss,
enhanced_gbm,2025_14_CIN_BUF,2025,14,total,BUF,True,under,72.37838988249071,Moderate,True,-110.0,1.0,-1.0,loss,
enhanced_gbm,2025_14_MIA_NYJ,2025,14,ats,MIA,False,,70.92270204960371,Moderate,False,-115.0,1.0,0.8695652173913043,win,
enhanced_gbm,2025_14_MIA_NYJ,2025,14,moneyline,MIA,False,,70.92270204960371,Moderate,False,-148.0,1.0,0.6756756756756757,win,0.11245282694765002
enhanced_gbm,2025_14_MIA_NYJ,2025,14,total,MIA,False,over,70.92270204960371,Moderate,False,-110.0,1.0,0.9090909090909091,win,
enhanced_gbm,2025_14_NO_TB,2025,14,ats,TB,True,,83.28090440666669,Strong,True,-118.0,1.0,-1.0,loss,
enhanced_gbm,2025_14_NO_TB,2025,14,moneyline,TB,True,,83.28090440666669,Strong,True,-425.0,1.0,-1.0,loss,0.023285234542857358
enhanced_gbm,2025_14_NO_TB,2025,14,total,TB,True,over,83.28090440666669,Strong,True,-110.0,1.0,0.9090909090909091,win,
enhanced_gbm,2025_14_SEA_ATL,2025,14,ats,SEA,False,,91.04738186514956,Elite,True,100.0,1.0,1.0,win,
enhanced_gbm,2025_14_SEA_ATL,2025,14,moneyline,SEA,False,,91.04738186514956,Elite,True,-355.0,1.0,0.28169014084507044,win,0.13025403843171535
enhanced_gbm,2025_14_WAS_MIN,2025,14,ats,WAS,False,,80.05593932491932,Strong,False,-102.0,1.0,-1.0,loss,
enhanced_gbm,2025_14_WAS_MIN,2025,14,moneyline,WAS,False,,80.05593932491932,Strong,False,-115.0,1.0,-1.0,loss,0.2656756723189607
enhanced_gbm,2025_14_WAS_MIN,2025,14,total,WAS,False,over,80.05593932491932,Strong,False,-110.0,1.0,-1.0,loss,
enhanced_gbm,2025_14_DEN_LV,2025,14,ats,DEN,False,,75.09551229258916,Moderate,True,-110.0,1.0,-1.0,loss,
enhanced_gbm,2025_14_CHI_GB,2025,14,ats,GB,True,,77.36608677159457,Moderate,True,-115.0,1.0,0.8695652173913043,win,
enhanced_gbm,2025_14_CHI_GB,2025,14,moneyline,GB,True,,77.36608677159457,Moderate,True,-305.0,1.0,0.32786885245901637,win,0.020574447962859232
enhanced_gbm,2025_14_CHI_GB,2025,14,total,GB,True,over,77.36608677159457,Moderate,True,-110.0,1.0,0.9090909090909091,win,
enhanced_gbm,2025_14_LA_ARI,2025,14,ats,LA,False,,88.88737891560362,Strong,True,-110.0,1.0,0.9090909090909091,win,
enhanced_gbm,2025_14_LA_ARI,2025,14,moneyline,LA,False,,88.88737891560362,Strong,True,-500.0,1.0,0.2,win,0.05554045582270284
enhanced_gbm,2025_14_LA_ARI,2025,14,total,LA,False,under,88.88737891560362,Strong,True,-110.0,1.0,-1.0,loss,
enhanced_gbm,2025_14_HOU_KC,2025,14,ats,KC,True,,83.79597261440009,Strong,False,-105.0,1.0,-1.0,loss,
enhanced_gbm,2025_14_HOU_KC,2025,14,moneyline,KC,True,,83.79597261440009,Strong,False,-218.0,1.0,-1.0,loss,0.15242513494903231
enhanced_gbm,2025_14_PHI_LAC,2025,14,ats,PHI,False,,73.84286120638951,Moderate,False,-105.0,1.0,-1.0,loss,
enhanced_gbm,2025_14_PHI_LAC,2025,14,moneyline,PHI,False,,73.84286120638951,Moderate,False,-120.0,1.0,-1.0,loss,0.19297406660934968
enhanced_gbm,2025_14_PHI_LAC,2025,14,total,PHI,False,over,73.84286120638951,Moderate,False,-110.0,1.0,-1.0,loss,
enhanced_gbm,2025_15_ARI_HOU,2025,15,ats,HOU,True,,89.20090646155462,Strong,True,-110.0,1.0,0.9090909090909091,win,
enhanced_gbm,2025_15_ARI_HOU,2025,15,moneyline,HOU,True,,89.20090646155462,Strong,True,-625.0,1.0,0.16,win,0.029940099098304862
enhanced_gbm,2025_15_CLE_CHI,2025,15,ats,CHI,True,,87.76533310169398,Strong,True,-108.0,1.0,0.9259259259259259,win,
enhanced_gbm,2025_15_CLE_CHI,2025,15,moneyline,CHI,True,,87.76533310169398,Strong,True,-375.0,1.0,0.26666666666666666,win,0.08817964680641344
enhanced_gbm,2025_15_CLE_CHI,2025,15,total,CHI,True,over,87.76533310169398,Strong,True,-110.0,1.0,-1.0,loss,
enhanced_gbm,2025_15_LV_PHI,2025,15,ats,PHI,True,,87.98373476408776,Strong,True,-112.0,1.0,0.8928571428571429,win,
enhanced_gbm,2025_15_LV_PHI,2025,15,total,PHI,True,over,87.98373476408776,Strong,True,-110.0,1.0,-1.0,loss,
enhanced_gbm,2025_15_NYJ_JAX,2025,15,ats,JAX,True,,90.66139061146342,Elite,True,-115.0,1.0,0.8695652173913043,win,
enhanced_gbm,2025_15_NYJ_JAX,2025,15,total,JAX,True,over,90.66139061146342,Elite,True,-110.0,1.0,0.9090909090909091,win,
enhanced_gbm,2025_15_WAS_NYG,2025,15,ats,WAS,False,,75.1419516885397,Moderate,False,-105.0,1.0,0.9523809523809523,win,
enhanced_gbm,2025_15_WAS_NYG,2025,15,moneyline,WAS,False,,75.1419516885397,Moderate,False,124.0,1.0,1.24,win,0.30499094545682554
enhanced_gbm,2025_15_WAS_NYG,2025,15,total,WAS,False,over,75.1419516885397,Moderate,False,-110.0,1.0,0.9090909090909091,win,
enhanced_gbm,2025_15_CAR_NO,2025,15,ats,CAR,False,,76.6443714910374,Moderate,False,-118.0,1.0,-1.0,loss,
enhanced_gbm,2025_15_CAR_NO,2025,15,moneyline,CAR,False,,76.6443714910374,Moderate,False,-148.0,1.0,-1.0,loss,0.16966952136198687
enhanced_gbm,2025_15_DET_LA,2025,15,ats,LA,True,,74.88407195096947,Moderate,True,-115.0,1.0,0.8695652173913043,win,
enhanced_gbm,2025_15_DET_LA,2025,15,moneyline,LA,True,,74.88407195096947,Moderate,True,-245.0,1.0,0.40816326530612246,win,0.038695791973462845
enhanced_gbm,2025_15_DET_LA,2025,15,total,LA,True,under,74.88407195096947,Moderate,True,-110.0,1.0,-1.0,loss,
enhanced_gbm,2025_15_IND_SEA,2025,15,ats,SEA,True,,96.60724776294293,Elite,True,-115.0,1.0,-1.0,loss,
enhanced_gbm,2025_15_IND_SEA,2025,15,moneyline,SEA,True,,96.60724776294293,Elite,True,-1000.0,1.0,0.1,win,0.05698156853852021
enhanced_gbm,2025_15_IND_SEA,2025,15,total,SEA,True,over,96.60724776294293,Elite,True,-110.0,1.0,-1.0,loss,
enhanced_gbm,2025_15_TEN_SF,2025,15,ats,SF,True,,89.09572964412622,Strong,False,-112.0,1.0,0.8928571428571429,win,
enhanced_gbm,2025_16_LA_SEA,2025,16,ats,SEA,True,,75.88483328282382,Moderate,False,-110.0,1.0,-1.0,loss,
enhanced_gbm,2025_16_LA_SEA,2025,16,moneyline,SEA,True,,75.88483328282382,Moderate,False,-122.0,1.0,0.819672131147541,win,0.20929878327868867
enhanced_gbm,2025_16_LA_SEA,2025,16,total,SEA,True,over,75.88483328282382,Moderate,False,-110.0,1.0,0.9090909090909091,win,
enhanced_gbm,2025_16_PHI_WAS,2025,16,ats,PHI,False,,91.28767301155777,Elite,True,-120.0,1.0,0.8333333333333334,win,
enhanced_gbm,2025_16_PHI_WAS,2025,16,moneyline,PHI,False,,91.28767301155777,Elite,True,-380.0,1.0,0.2631578947368421,win,0.12121006344891105
enhanced_gbm,2025_16_PHI_WAS,2025,16,total,PHI,False,over,91.28767301155777,Elite,True,-110.0,1.0,0.9090909090909091,win,
enhanced_gbm,2025_16_GB_CHI,2025,16,ats,CHI,True,,73.15485578888237,Moderate,False,-105.0,1.0,0.9523809523809523,win,
enhanced_gbm,2025_16_GB_CHI,2025,16,moneyline,CHI,True,,73.15485578888237,Moderate,False,-118.0,1.0,0.847457627118644,win,0.19026415421909892
enhanced_gbm,2025_16_GB_CHI,2025,16,total,CHI,True,over,73.15485578888237,Moderate,False,-110.0,1.0,-1.0,loss,
enhanced_gbm,2025_16_BUF_CLE,2025,16,ats,BUF,False,,75.46927744557644,Moderate,True,-110.0,1.0,-1.0,loss,
enhanced_gbm,2025_16_BUF_CLE,2025,16,total,BUF,False,over,75.46927744557644,Moderate,True,-110.0,1.0,0.9090909090909091,win,
enhanced_gbm,2025_16_NYJ_NO,2025,16,ats,NO,True,,70.9286876871511,Moderate,True,-115.0,1.0,0.8695652173913043,win,
enhanced_gbm,2025_16_NYJ_NO,2025,16,total,NO,True,over,70.9286876871511,Moderate,True,-110.0,1.0,-1.0,loss,
enhanced_gbm,2025_16_JAX_DEN,2025,16,ats,DEN,True,,91.34299739871616,Elite,True,100.0,1.0,-1.0,loss,
enhanced_gbm,2025_16_JAX_DEN,2025,16,moneyline,DEN,True,,91.34299739871616,Elite,True,-175.0,1.0,-1.0,loss,0.2770663376235253
enhanced_gbm,2025_16_JAX_DEN,2025,16,total,DEN,True,under,91.34299739871616,Elite,True,-110.0,1.0,-1.0,loss,
enhanced_gbm,2025_16_LV_HOU,2025,16,ats,HOU,True,,89.01783848700164,Strong,True,-105.0,1.0,-1.0,loss,
enhanced_gbm,2025_16_PIT_DET,2025,16,ats,DET,True,,73.44933255703468,Moderate,True,-115.0,1.0,-1.0,loss,
enhanced_gbm,2025_16_PIT_DET,2025,16,total,DET,True,under,73.44933255703468,Moderate,True,-110.0,1.0,-1.0,loss,
enhanced_gbm,2025_16_SF_IND,2025,16,ats,SF,False,,84.87915131863555,Strong,False,-105.0,1.0,0.9523809523809523,win,
enhanced_gbm,2025_16_SF_IND,2025,16,moneyline,SF,False,,84.87915131863555,Strong,False,-225.0,1.0,0.4444444444444444,win,0.1564838208786632
enhanced_gbm,2025_16_SF_IND,2025,16,total,SF,False,over,84.87915131863555,Strong,False,-110.0,1.0,0.9090909090909091,win,
enhanced_gbm,2025_17_DAL_WAS,2025,17,ats,DAL,False,,92.0033124349521,Elite,False,-120.0,1.0,-1.0,loss,
enhanced_gbm,2025_17_DAL_WAS,2025,17,moneyline,DAL,False,,92.0033124349521,Elite,False,-500.0,1.0,0.2,win,0.08669979101618752
enhanced_gbm,2025_17_DAL_WAS,2025,17,total,DAL,False,over,92.0033124349521,Elite,False,-110.0,1.0,0.9090909090909091,win,
enhanced_gbm,2025_17_DET_MIN,2025,17,ats,DET,False,,83.59234890168823,Strong,True,-120.0,1.0,-1.0,loss,
enhanced_gbm,2025_17_DET_MIN,2025,17,moneyline,DET,False,,83.59234890168823,Strong,True,-360.0,1.0,-1.0,loss,0.053314793364708346
enhanced_gbm,2025_17_DET_MIN,2025,17,total,DET,False,over,83.59234890168823,Strong,True,-110.0,1.0,-1.0,loss,
enhanced_gbm,2025_17_DEN_KC,2025,17,ats,DEN,False,,83.99989202765242,Strong,False,-105.0,1.0,-1.0,loss,
enhanced_gbm,2025_17_DEN_KC,2025,17,total,DEN,False,over,83.99989202765242,Strong,False,-110.0,1.0,-1.0,loss,
enhanced_gbm,2025_17_ARI_CIN,2025,17,ats,CIN,True,,78.36166373536311,Moderate,False,-110.0,1.0,0.9090909090909091,win,
enhanced_gbm,2025_17_ARI_CIN,2025,17,moneyline,CIN,True,,78.36166373536311,Moderate,False,-345.0,1.0,0.2898550724637681,win,0.008335738477226573
enhanced_gbm,2025_17_JAX_IND,2025,17,ats,JAX,False,,89.70803332033495,Strong,False,-115.0,1.0,0.8695652173913043,win,
enhanced_gbm,2025_17_JAX_IND,2025,17,moneyline,JAX,False,,89.70803332033495,Strong,False,-225.0,1.0,0.4444444444444444,win,0.20477264089565717
enhanced_gbm,2025_17_JAX_IND,2025,17,total,JAX,False,over,89.70803332033495,Strong,False,-110.0,1.0,-1.0,loss,
enhanced_gbm,2025_17_NE_NYJ,2025,17,ats,NE,False,,81.01256262975822,Strong,True,-120.0,1.0,0.8333333333333334,win,
enhanced_gbm,2025_17_NE_NYJ,2025,17,total,NE,False,over,81.01256262975822,Strong,True,-110.0,1.0,0.9090909090909091,win,
enhanced_gbm,2025_17_PIT_CLE,2025,17,ats,PIT,False,,74.03040707863593,Moderate,False,-108.0,1.0,-1.0,loss,
enhanced_gbm,2025_17_PIT_CLE,2025,17,moneyline,PIT,False,,74.03040707863593,Moderate,False,-205.0,1.0,-1.0,loss,0.06817292324537572
enhanced_gbm,2025_17_PIT_CLE,2025,17,total,PIT,False,over,74.03040707863593,Moderate,False,-110.0,1.0,-1.0,loss,
enhanced_gbm,2025_17_SEA_CAR,2025,17,ats,SEA,False,,87.7467173300486,Strong,True,-118.0,1.0,0.847457627118644,win,
enhanced_gbm,2025_17_SEA_CAR,2025,17,moneyline,SEA,False,,87.7467173300486,Strong,True,-305.0,1.0,0.32786885245901637,win,0.12438075354739953
enhanced_gbm,2025_17_SEA_CAR,2025,17,total,SEA,False,over,87.7467173300486,Strong,True,-110.0,1.0,-1.0,loss,
enhanced_gbm,2025_17_NYG_LV,2025,17,ats,NYG,False,,72.42410925751153,Moderate,False,-102.0,1.0,0.9803921568627451,win,
enhanced_gbm,2025_17_NYG_LV,2025,17,moneyline,NYG,False,,72.42410925751153,Moderate,False,-162.0,1.0,0.6172839506172839,win,0.10592048188809244
enhanced_gbm,2025_17_NYG_LV,2025,17,total,NYG,False,over,72.42410925751153,Moderate,False,-110.0,1.0,0.9090909090909091,win,
enhanced_gbm,2025_17_CHI_SF,2025,17,ats,SF,True,,77.15259525132282,Moderate,False,-115.0,1.0,0.8695652173913043,win,
enhanced_gbm,2025_17_CHI_SF,2025,17,moneyline,SF,True,,77.15259525132282,Moderate,False,-205.0,1.0,0.4878048780487805,win,0.09939480497224462
enhanced_gbm,2025_17_CHI_SF,2025,17,total,SF,True,under,77.15259525132282,Moderate,False,-110.0,1.0,-1.0,loss,
enhanced_gbm,2025_17_LA_ATL,2025,17,ats,LA,False,,76.45561968937885,Moderate,True,-102.0,1.0,-1.0,loss,
enhanced_gbm,2025_17_LA_ATL,2025,17,total,LA,False,under,76.45561968937885,Moderate,True,-110.0,1.0,-1.0,loss,
enhanced_gbm,2025_18_SEA_SF,2025,18,ats,SEA,False,,78.7120891254168,Moderate,True,-120.0,1.0,0.8333333333333334,win,
enhanced_gbm,2025_18_SEA_SF,2025,18,moneyline,SEA,False,,78.7120891254168,Moderate,True,-148.0,1.0,0.6756756756756757,win,0.19034669770578083
enhanced_gbm,2025_18_CLE_CIN,2025,18,ats,CIN,True,,96.1040200350292,Elite,False,-108.0,1.0,-1.0,loss,
enhanced_gbm,2025_18_CLE_CIN,2025,18,moneyline,CIN,True,,96.1040200350292,Elite,False,-455.0,1.0,-1.0,loss,0.14122038053047214
enhanced_gbm,2025_18_CLE_CIN,2025,18,total,CIN,True,under,96.1040200350292,Elite,False,-110.0,1.0,0.9090909090909091,win,
enhanced_gbm,2025_18_DAL_NYG,2025,18,ats,DAL,False,,72.09625996118396,Moderate,True,-115.0,1.0,-1.0,loss,
enhanced_gbm,2025_18_DAL_NYG,2025,18,moneyline,DAL,False,,72.09625996118396,Moderate,True,-166.0,1.0,-1.0,loss,0.09690244923589975
enhanced_gbm,2025_18_DAL_NYG,2025,18,total,DAL,False,over,72.09625996118396,Moderate,True,-110.0,1.0,0.9090909090909091,win,
enhanced_gbm,2025_18_GB_MIN,2025,18,ats,MIN,True,,93.98856651397669,Elite,False,-112.0,1.0,0.8928571428571429,win,
enhanced_gbm,2025_18_GB_MIN,2025,18,moneyline,MIN,True,,93.98856651397669,Elite,False,-650.0,1.0,0.15384615384615385,win,0.0732189984731002
enhanced_gbm,2025_18_GB_MIN,2025,18,total,MIN,True,over,93.98856651397669,Elite,False,-110.0,1.0,-1.0,loss,
enhanced_gbm,2025_18_IND_HOU,2025,18,ats,HOU,True,,94.01340787003923,Elite,False,-110.0,1.0,-1.0,loss,
enhanced_gbm,2025_18_IND_HOU,2025,18,moneyline,HOU,True,,94.01340787003923,Elite,False,-535.0,1.0,0.18691588785046728,win,0.09761439366102231
enhanced_gbm,2025_18_IND_HOU,2025,18,total,HOU,True,over,94.01340787003923,Elite,False,-110.0,1.0,0.9090909090909091,win,
enhanced_gbm,2025_18_TEN_JAX,2025,18,ats,JAX,True,,93.06539012123184,Elite,True,-110.0,1.0,0.9090909090909091,win,
enhanced_gbm,2025_18_TEN_JAX,2025,18,moneyline,JAX,True,,93.06539012123184,Elite,True,-750.0,1.0,0.13333333333333333,win,0.04830096003584794
enhanced_gbm,2025_18_ARI_LA,2025,18,ats,LA,True,,97.9812348429653,Elite,True,-105.0,1.0,0.9523809523809523,win,
enhanced_gbm,2025_18_ARI_LA,2025,18,moneyline,LA,True,,97.9812348429653,Elite,True,-1350.0,1.0,0.07407407407407407,win,0.04877786567103237
enhanced_gbm,2025_18_DET_CHI,2025,18,ats,CHI,True,,70.4818998388561,Moderate,False,-110.0,1.0,-1.0,loss,
enhanced_gbm,2025_18_DET_CHI,2025,18,moneyline,CHI,True,,70.4818998388561,Moderate,False,-180.0,1.0,-1.0,loss,0.061961855531418086
enhanced_gbm,2025_18_DET_CHI,2025,18,total,CHI,True,over,70.4818998388561,Moderate,False,-110.0,1.0,-1.0,loss,
enhanced_gbm,2025_18_LAC_DEN,2025,18,ats,DEN,True,,94.42515332045389,Elite,True,-112.0,1.0,0.8928571428571429,win,
enhanced_gbm,2025_18_LAC_DEN,2025,18,moneyline,DEN,True,,94.42515332045389,Elite,True,-1600.0,1.0,0.0625,win,0.0030750626163036365
enhanced_gbm,2025_18_LAC_DEN,2025,18,total,DEN,True,over,94.42515332045389,Elite,True,-110.0,1.0,-1.0,loss,
enhanced_gbm,2025_18_MIA_NE,2025,18,ats,NE,True,,93.80140071833124,Elite,True,-108.0,1.0,0.9259259259259259,win,
enhanced_gbm,2025_18_MIA_NE,2025,18,moneyline,NE,True,,93.80140071833124,Elite,True,-1000.0,1.0,0.1,win,0.028923098092403343
enhanced_gbm,2025_18_MIA_NE,2025,18,total,NE,True,over,93.80140071833124,Elite,True,-110.0,1.0,0.9090909090909091,win,
enhanced_gbm,2025_18_NYJ_BUF,2025,18,ats,BUF,True,,95.19335480709171,Elite,True,-108.0,1.0,0.9259259259259259,win,
enhanced_gbm,2025_18_NYJ_BUF,2025,18,moneyline,BUF,True,,95.19335480709171,Elite,True,-800.0,1.0,0.125,win,0.06304465918202817
enhanced_gbm,2025_18_NYJ_BUF,2025,18,total,BUF,True,over,95.19335480709171,Elite,True,-110.0,1.0,0.9090909090909091,win,
enhanced_gbm,2025_18_BAL_PIT,2025,18,ats,BAL,False,,78.84185327498064,Moderate,False,-105.0,1.0,-1.0,loss,
enhanced_gbm,2025_18_BAL_PIT,2025,18,moneyline,BAL,False,,78.84185327498064,Moderate,False,-225.0,1.0,-1.0,loss,0.09611084044211404
enhanced_gbm,2025_18_BAL_PIT,2025,18,total,BAL,False,over,78.84185327498064,Moderate,False,-110.0,1.0,0.9090909090909091,win,
enhanced_gbm,2025_19_LA_CAR,2025,19,ats,LA,False,,80.82909082850841,Strong,True,-108.0,1.0,-1.0,loss,
enhanced_gbm,2025_19_LA_CAR,2025,19,total,LA,False,over,80.82909082850841,Strong,True,-110.0,1.0,0.9090909090909091,win,
enhanced_gbm,2025_19_LAC_NE,2025,19,ats,NE,True,,70.43140510842991,Moderate,True,-115.0,1.0,0.8695652173913043,win,
enhanced_gbm,2025_19_LAC_NE,2025,19,moneyline,NE,True,,70.43140510842991,Moderate,True,-198.0,1.0,0.5050505050505051,win,0.0398845208829568
enhanced_gbm,2025_19_HOU_PIT,2025,19,ats,PIT,True,,73.53321499766015,Moderate,False,-115.0,1.0,-1.0,loss,
enhanced_gbm,2025_19_HOU_PIT,2025,19,moneyline,PIT,True,,73.53321499766015,Moderate,False,130.0,1.0,-1.0,loss,0.3005495412809494
enhanced_gbm,2025_19_HOU_PIT,2025,19,total,PIT,True,over,73.53321499766015,Moderate,False,-110.0,1.0,-1.0,loss,
enhanced_gbm,2025_20_BUF_DEN,2025,20,ats,DEN,True,,90.88419043181852,Elite,False,-108.0,1.0,0.9259259259259259,win,
enhanced_gbm,2025_20_BUF_DEN,2025,20,moneyline,DEN,True,,90.88419043181852,Elite,False,-120.0,1.0,0.8333333333333334,win,0.3633873588636398
enhanced_gbm,2025_20_SF_SEA,2025,20,ats,SEA,True,,90.70005799677679,Elite,False,-118.0,1.0,0.847457627118644,win,
enhanced_gbm,2025_20_SF_SEA,2025,20,moneyline,SEA,True,,90.70005799677679,Elite,False,-305.0,1.0,0.32786885245901637,win,0.15391416021468152
enhanced_gbm,2025_20_SF_SEA,2025,20,total,SEA,True,over,90.70005799677679,Elite,False,-110.0,1.0,0.9090909090909091,win,
enhanced_gbm,2025_21_LA_SEA,2025,21,ats,SEA,True,,91.49727536269488,Elite,False,-105.0,1.0,0.9523809523809523,win,
enhanced_gbm,2025_21_LA_SEA,2025,21,moneyline,SEA,True,,91.49727536269488,Elite,False,-142.0,1.0,0.704225352112676,win,0.3281958941228166
enhanced_gbm,2025_21_LA_SEA,2025,21,total,SEA,True,over,91.49727536269488,Elite,False,-110.0,1.0,0.9090909090909091,win,
enhanced_gbm,2025_22_SEA_NE,2025,22,ats,SEA,False,,81.84652993015106,Strong,True,-115.0,1.0,0.8695652173913043,win,
enhanced_gbm,2025_22_SEA_NE,2025,22,moneyline,SEA,False,,81.84652993015106,Strong,True,-238.0,1.0,0.42016806722689076,win,0.11432328746719111
